"","set_operation_latency altfp_divide_16","set_resource_constraint signed_divide_16","set_operation_latency mem_dual_port","set_operation_latency altfp_truncate_16","set_resource_constraint altfp_multiply_64","set_parameter NO_ROMS","set_resource_constraint signed_multiply_8","set_operation_latency altfp_fptosi","set_resource_constraint unsigned_modulus_16","set_resource_constraint unsigned_multiply_32","set_resource_constraint altfp_add_8","set_operation_latency unsigned_multiply_32","set_resource_constraint unsigned_add_32","set_operation_latency unsigned_divide_16","set_resource_constraint signed_multiply_16","set_operation_latency signed_modulus_32","set_operation_latency signed_multiply_32","set_operation_latency altfp_add_64","set_operation_latency altfp_subtract_32","set_parameter PS_MIN_SIZE","set_resource_constraint altfp_add_64","set_operation_latency altfp_multiply_64","set_operation_latency unsigned_multiply_8","set_operation_latency unsigned_add_32","set_operation_latency altfp_truncate_8","set_resource_constraint signed_multiply_64","set_operation_latency signed_divide_64","set_resource_constraint altfp_subtract_16","set_parameter MB_MINIMIZE_HW","set_parameter PATTERN_SHARE_ADD","set_resource_constraint signed_add_16","set_parameter MULTIPLIER_NO_CHAIN","set_resource_constraint unsigned_multiply_8","set_operation_latency reg","set_operation_latency unsigned_modulus_64","set_resource_constraint unsigned_divide_16","set_resource_constraint unsigned_divide_64","set_resource_constraint signed_divide_8","set_operation_latency altfp_extend_32","set_resource_constraint altfp_add_16","set_resource_constraint signed_modulus_32","set_parameter DONT_CHAIN_GET_ELEM_PTR","set_resource_constraint unsigned_modulus_64","set_operation_latency unsigned_modulus_8","set_resource_constraint mem_dual_port","set_parameter SDC_MULTIPUMP","set_operation_latency signed_multiply_16","set_operation_latency altfp_multiply_16","set_operation_latency unsigned_modulus_16","set_resource_constraint altfp_subtract_64","set_operation_latency signed_add_8","set_operation_latency unsigned_add_16","set_parameter PATTERN_SHARE_SUB","set_parameter CLOCK_PERIOD","set_resource_constraint altfp_subtract_8","set_parameter NO_LOOP_PIPELINING","set_operation_latency altfp_divide_64","set_parameter INCREMENTAL_SDC","set_operation_latency signed_divide_8","set_resource_constraint altfp_multiply_8","set_resource_constraint unsigned_multiply_16","set_operation_latency signed_modulus_64","set_operation_latency unsigned_multiply_64","set_resource_constraint unsigned_multiply_64","set_operation_latency signed_add_32","set_parameter DISABLE_REG_SHARING","set_operation_latency unsigned_divide_64","set_resource_constraint unsigned_modulus_8","set_combine_basicblock","set_parameter ENABLE_PATTERN_SHARING","set_parameter PIPELINE_RESOURCE_SHARING","set_parameter MULTIPUMPING","set_resource_constraint signed_add_32","set_operation_latency altfp_add_32","set_resource_constraint altfp_divide_64","set_operation_latency signed_modulus_8","set_parameter PIPELINE_ALL","set_parameter SDC_NO_CHAINING","set_resource_constraint altfp_add_32","set_parameter PS_MIN_WIDTH","set_operation_latency altfp_subtract_8","set_operation_latency signed_multiply_8","set_operation_latency altfp_extend_64","set_operation_latency local_mem_dual_port","set_operation_latency altfp_subtract_64","set_resource_constraint signed_divide_32","set_resource_constraint signed_multiply_32","set_operation_latency signed_divide_16","set_operation_latency signed_multiply_64","set_parameter PATTERN_SHARE_BITOPS","set_resource_constraint signed_add_8","set_parameter SDC_PRIORITY","set_resource_constraint altfp_multiply_32","set_resource_constraint altfp_divide_16","set_resource_constraint signed_modulus_16","set_operation_latency signed_add_64","set_resource_constraint unsigned_modulus_32","set_operation_latency altfp_multiply_8","set_resource_constraint signed_modulus_64","set_operation_latency signed_comp_o","set_parameter PS_MAX_SIZE","set_operation_latency signed_comp_u","set_parameter DUAL_PORT_BINDING","set_resource_constraint unsigned_divide_32","set_operation_latency altfp_multiply_32","set_operation_latency altfp_add_16","set_operation_latency altfp_truncate_32","set_operation_latency unsigned_add_64","set_operation_latency signed_add_16","set_parameter PS_BIT_DIFF_THRESHOLD","set_operation_latency altfp_add_8","set_operation_latency altfp_divide_32","set_operation_latency altfp_sitofp","set_resource_constraint unsigned_add_64","set_resource_constraint signed_add_64","set_operation_latency signed_divide_32","set_parameter MODULO_SCHEDULER","set_resource_constraint unsigned_add_16","set_operation_latency altfp_divide_8","set_parameter EXPLICIT_LPM_MULTS","set_parameter MB_MAX_BACK_PASSES","set_operation_latency signed_modulus_16","set_operation_latency unsigned_multiply_16","set_operation_latency altfp_extend_8","set_operation_latency unsigned_divide_32","set_operation_latency altfp_subtract_16","set_resource_constraint unsigned_add_8","set_parameter PATTERN_SHARE_SHIFT","set_operation_latency unsigned_divide_8","set_resource_constraint altfp_multiply_16","set_resource_constraint altfp_divide_32","set_resource_constraint unsigned_divide_8","set_operation_latency altfp_truncate_64","set_operation_latency unsigned_modulus_32","set_operation_latency unsigned_add_8","set_operation_latency altfp_extend_16","set_resource_constraint altfp_divide_8","set_resource_constraint altfp_subtract_32","set_resource_constraint signed_modulus_8","set_resource_constraint signed_divide_64","set_resource_constraint shared_mem_dual_port","WNS","Cycles","FMax","LUs","Pins","Regs","Blocks","RAM","DPS"
"1","33","1","2","3","1","FALSE","1","6","1","1","1","1","1","1","1","1","1","14","14","1","1","11","1","1","3","1","1","1","FALSE"," TRUE","1","FALSE","1","2","1","1","1","1","2","1","1","FALSE","1","1","2","FALSE","1","11","1","1","1","1"," TRUE","10","1","FALSE","64","FALSE","1","1","1","1","1","1","1","FALSE","1","1","0","FALSE"," TRUE","FALSE","1","14","1","1","FALSE","FALSE","1","2","14","1","2","1","14","1","1","1","1","TRUE","1","TRUE","1","1","1","1","1","11","1","1","10","1","TRUE","1","11","14","3","1","1","10","14","33","6","1","1","1","SDC_BACKTRACKING","1","33","FALSE","-1","1","1","2","1","14","1","TRUE","1","1","1","1","3","1","1","2","1","1","1","1","1","1","769","323.62","1","3","2264","1","1","0"
"2","33","1","2","3","1","FALSE","1","6","1","1","1","1","1","1","1","1","1","14","14","1","1","11","1","1","3","1","1","1","FALSE"," TRUE","1","FALSE","1","2","1","1","1","1","2","1","1","FALSE","1","1","2","FALSE","1","11","1","1","1","1"," TRUE","10","1","FALSE","64","FALSE","1","1","1","1","1","1","1","FALSE","1","1","0","FALSE"," TRUE","FALSE","1","14","1","1","FALSE","FALSE","1","2","14","1","2","1","14","1","1","1","1","TRUE","1","TRUE","1","1","1","1","1","11","1","1","10","1","TRUE","1","11","14","3","1","1","10","14","33","6","1","1","1","SDC_BACKTRACKING","1","33","FALSE","-1","1","1","2","1","14","1","TRUE","1","1","1","1","3","1","1","2","1","1","1","1","1","1.11094186211","769","323.62","1","3","2264","1","1","0"
"3","33","1","2","3","1","FALSE","1","6","1","1","1","1","1","1","1","1","1","14","14","1","1","11","1","1","3","1","1","1","FALSE"," TRUE","1","FALSE","1","2","1","1","1","1","2","1","1","FALSE","1","1","2","FALSE","1","11","1","1","1","1"," TRUE","10","1","FALSE","64","FALSE","1","1","1","1","1","1","1","FALSE","1","1","0","FALSE"," TRUE","FALSE","1","14","1","1","FALSE","FALSE","1","2","14","1","2","1","14","1","1","1","1","TRUE","1","TRUE","1","1","1","1","1","11","1","1","10","1","TRUE","1","11","14","3","1","1","10","14","33","6","1","1","1","SDC_BACKTRACKING","1","33","FALSE","-1","1","1","2","1","14","1","TRUE","1","1","1","1","3","1","1","2","1","1","1","1","1","1.44392658371","769","323.62","1","3","2264","1","1","0"
"4","33","1","2","3","1","FALSE","1","6","1","1","1","1","1","1","1","1","1","14","14","1","1","11","1","1","3","1","1","1","FALSE"," TRUE","1","FALSE","1","2","1","1","1","1","2","1","1","FALSE","1","1","2","FALSE","1","11","1","1","1","1"," TRUE","10","1","FALSE","64","FALSE","1","1","1","1","1","1","1","FALSE","1","1","0","FALSE"," TRUE","FALSE","1","14","1","1","FALSE","FALSE","1","2","14","1","2","1","14","1","1","1","1","TRUE","1","TRUE","1","1","1","1","1","11","1","1","10","1","TRUE","1","11","14","3","1","1","10","14","33","6","1","1","1","SDC_BACKTRACKING","1","33","FALSE","-1","1","1","2","1","14","1","TRUE","1","1","1","1","3","1","1","2","1","1","1","1","1","1","769","323.62","1","3","2264","1","1","0"
"5","33","1","2","3","1","FALSE","1","6","1","1","1","1","1","1","1","1","1","14","14","1","1","11","1","1","3","1","1","1","FALSE"," TRUE","1","FALSE","1","2","1","1","1","1","2","1","1","FALSE","1","1","2","FALSE","1","11","1","1","1","1"," TRUE","10","1","FALSE","64","FALSE","1","1","1","1","1","1","1","FALSE","1","1","0","FALSE"," TRUE","FALSE","1","14","1","1","FALSE","FALSE","1","2","14","1","2","1","14","1","1","1","1","TRUE","1","TRUE","1","1","1","1","1","11","1","1","10","1","TRUE","1","11","14","3","1","1","10","14","33","6","1","1","1","SDC_BACKTRACKING","1","33","FALSE","-1","1","1","2","1","14","1","TRUE","1","1","1","1","3","1","1","2","1","1","1","1","1","1.36837317834","769","323.62","1","3","2264","1","1","0"
"6","33","1","2","3","1","FALSE","1","6","1","1","1","1","1","1","1","1","1","14","14","1","1","11","1","1","3","1","1","1","FALSE"," TRUE","1","FALSE","1","2","1","1","1","1","2","1","1","FALSE","1","1","2","FALSE","1","11","1","1","1","1"," TRUE","10","1","FALSE","64","FALSE","1","1","1","1","1","1","1","FALSE","1","1","0","FALSE"," TRUE","FALSE","1","14","1","1","FALSE","FALSE","1","2","14","1","2","1","14","1","1","1","1","TRUE","1","TRUE","1","1","1","1","1","11","1","1","10","1","TRUE","1","11","14","3","1","1","10","14","33","6","1","1","1","SDC_BACKTRACKING","1","33","FALSE","-1","1","1","2","1","14","1","TRUE","1","1","1","1","3","1","1","2","1","1","1","1","1","1.34854803222","769","323.62","1","3","2264","1","1","0"
"7","33","1","2","3","1","FALSE","1","6","1","1","1","1","1","1","1","1","1","14","14","1","1","11","1","1","3","1","1","1","FALSE"," TRUE","1","FALSE","1","2","1","1","1","1","2","1","1","FALSE","1","1","2","FALSE","1","11","1","1","1","1"," TRUE","10","1","FALSE","64","FALSE","1","1","1","1","1","1","1","FALSE","1","1","0","FALSE"," TRUE","FALSE","1","14","1","1","FALSE","FALSE","1","2","14","1","2","1","14","1","1","1","1","TRUE","1","TRUE","1","1","1","1","1","11","1","1","10","1","TRUE","1","11","14","3","1","1","10","14","33","6","1","1","1","SDC_BACKTRACKING","1","33","FALSE","-1","1","1","2","1","14","1","TRUE","1","1","1","1","3","1","1","2","1","1","1","1","1","1.00117110311","769","323.62","1","3","2264","1","1","0"
"8","33","1","2","3","1","FALSE","1","6","1","1","1","1","1","1","1","1","1","14","14","1","1","11","1","1","3","1","1","1","FALSE"," TRUE","1","FALSE","1","2","1","1","1","1","2","1","1","FALSE","1","1","2","FALSE","1","11","1","1","1","1"," TRUE","10","1","FALSE","64","FALSE","1","1","1","1","1","1","1","FALSE","1","1","0","FALSE"," TRUE","FALSE","1","14","1","1","FALSE","FALSE","1","2","14","1","2","1","14","1","1","1","1","TRUE","1","TRUE","1","1","1","1","1","11","1","1","10","1","TRUE","1","11","14","3","1","1","10","14","33","6","1","1","1","SDC_BACKTRACKING","1","33","FALSE","-1","1","1","2","1","14","1","TRUE","1","1","1","1","3","1","1","2","1","1","1","1","1","1.97820543097","769","323.62","1","3","2264","1","1","0"
"9","33","1","2","3","1","FALSE","1","6","1","1","1","1","1","1","1","1","1","14","14","1","1","11","1","1","3","1","1","1","FALSE"," TRUE","1","FALSE","1","2","1","1","1","1","2","1","1","FALSE","1","1","2","FALSE","1","11","1","1","1","1"," TRUE","10","1","FALSE","64","FALSE","1","1","1","1","1","1","1","FALSE","1","1","0","FALSE"," TRUE","FALSE","1","14","1","1","FALSE","FALSE","1","2","14","1","2","1","14","1","1","1","1","TRUE","1","TRUE","1","1","1","1","1","11","1","1","10","1","TRUE","1","11","14","3","1","1","10","14","33","6","1","1","1","SDC_BACKTRACKING","1","33","FALSE","-1","1","1","2","1","14","1","TRUE","1","1","1","1","3","1","1","2","1","1","1","1","1","Inf","769","323.62","1","3","2264","1","1","0"
"10","33","1","2","3","1","FALSE","1","6","1","1","1","1","1","1","1","1","1","14","14","1","1","11","1","1","3","1","1","1","FALSE"," TRUE","1","FALSE","1","2","1","1","1","1","2","1","1","FALSE","1","1","2","FALSE","1","11","1","1","1","1"," TRUE","10","1","FALSE","64","FALSE","1","1","1","1","1","1","1","FALSE","1","1","0","FALSE"," TRUE","FALSE","1","14","1","1","FALSE","FALSE","1","2","14","1","2","1","14","1","1","1","1","TRUE","1","TRUE","1","1","1","1","1","11","1","1","10","1","TRUE","1","11","14","3","1","1","10","14","33","6","1","1","1","SDC_BACKTRACKING","1","33","FALSE","-1","1","1","2","1","14","1","TRUE","1","1","1","1","3","1","1","2","1","1","1","1","1","2.20014073184","769","323.62","1","3","2264","1","1","0"
"11","33","1","2","3","1","FALSE","1","6","1","1","1","1","1","1","1","1","1","14","14","1","1","11","1","1","3","1","1","1","FALSE"," TRUE","1","FALSE","1","2","1","1","1","1","2","1","1","FALSE","1","1","2","FALSE","1","11","1","1","1","1"," TRUE","10","1","FALSE","64","FALSE","1","1","1","1","1","1","1","FALSE","1","1","0","FALSE"," TRUE","FALSE","1","14","1","1","FALSE","FALSE","1","2","14","1","2","1","14","1","1","1","1","TRUE","1","TRUE","1","1","1","1","1","11","1","1","10","1","TRUE","1","11","14","3","1","1","10","14","33","6","1","1","1","SDC_BACKTRACKING","1","33","FALSE","-1","1","1","2","1","14","1","TRUE","1","1","1","1","3","1","1","2","1","1","1","1","1","1.85523918856","769","323.62","1","3","2264","1","1","0"
"12"," 0","1","2","3","1"," TRUE","1","6","1","1","1","1","1","1","1","2","2","14","14","2","1"," 5","1","1","3","1","1","2"," TRUE","FALSE","1"," TRUE","1","2","1","1","1","1","2","1","1"," TRUE","1","1","2","FALSE","0","11","1","1","0","1","FALSE","12","1","FALSE"," 7","FALSE","1","1","1","1","1","2","1","FALSE","1","1","0","FALSE","FALSE","FALSE","1","14","1","0"," TRUE","FALSE","1","2","14","1","2","1"," 3","1","1","2","1","TRUE","1","TRUE","1","1","1","1","1","11","1","1"," 9","1","TRUE","1","11","14","3","1","1","10","14","33","6","1","1","2","SDC_BACKTRACKING","1"," 0","FALSE","-1","1","1","2","3"," 4","1","TRUE","1","1","1","1","3","1","1","2","1","2","1","1","1","0.956693963488","769","354.74","1","3","2171","1","1","0"
"13"," 0","1","2","3","1"," TRUE","1","6","1","1","1","1","1","1","1","2","2","14","14","2","1"," 5","1","1","3","1","1","2"," TRUE","FALSE","1"," TRUE","1","2","1","1","1","1","2","1","1"," TRUE","1","1","2","FALSE","0","11","1","1","0","1","FALSE","12","1","FALSE"," 7","FALSE","1","1","1","1","1","2","1","FALSE","1","1","0","FALSE","FALSE","FALSE","1","14","1","0"," TRUE","FALSE","1","2","14","1","2","1"," 3","1","1","2","1","TRUE","1","TRUE","1","1","1","1","1","11","1","1"," 9","1","TRUE","1","11","14","3","1","1","10","14","33","6","1","1","2","SDC_BACKTRACKING","1"," 0","FALSE","-1","1","1","2","3"," 4","1","TRUE","1","1","1","1","3","1","1","2","1","2","1","1","1","1.05039797994","769","354.74","1","3","2171","1","1","0"
"14"," 0","1","2","3","1"," TRUE","1","6","1","1","1","1","1","1","1","2","2","14","14","2","1"," 5","1","1","3","1","1","2"," TRUE","FALSE","1"," TRUE","1","2","1","1","1","1","2","1","1"," TRUE","1","1","2","FALSE","0","11","1","1","0","1","FALSE","12","1","FALSE"," 7","FALSE","1","1","1","1","1","2","1","FALSE","1","1","0","FALSE","FALSE","FALSE","1","14","1","0"," TRUE","FALSE","1","2","14","1","2","1"," 3","1","1","2","1","TRUE","1","TRUE","1","1","1","1","1","11","1","1"," 9","1","TRUE","1","11","14","3","1","1","10","14","33","6","1","1","2","SDC_BACKTRACKING","1"," 0","FALSE","-1","1","1","2","3"," 4","1","TRUE","1","1","1","1","3","1","1","2","1","2","1","1","1","0.964835065771","769","354.74","1","3","2171","1","1","0"
"15"," 0","1","2","3","1"," TRUE","1","6","1","1","1","1","1","1","1","2","2","14","14","2","1"," 5","1","1","3","1","1","2"," TRUE","FALSE","1"," TRUE","1","2","1","1","1","1","2","1","1"," TRUE","1","1","2","FALSE","0","11","1","1","0","1","FALSE","12","1","FALSE"," 7","FALSE","1","1","1","1","1","2","1","FALSE","1","1","0","FALSE","FALSE","FALSE","1","14","1","0"," TRUE","FALSE","1","2","14","1","2","1"," 3","1","1","2","1","TRUE","1","TRUE","1","1","1","1","1","11","1","1"," 9","1","TRUE","1","11","14","3","1","1","10","14","33","6","1","1","2","SDC_BACKTRACKING","1"," 0","FALSE","-1","1","1","2","3"," 4","1","TRUE","1","1","1","1","3","1","1","2","1","2","1","1","1","1.40380351524","769","354.74","1","3","2171","1","1","0"
"16"," 0","1","2","3","1"," TRUE","1","6","1","1","1","1","1","1","1","2","2","14","14","2","1"," 5","1","1","3","1","1","2"," TRUE","FALSE","1"," TRUE","1","2","1","1","1","1","2","1","1"," TRUE","1","1","2","FALSE","0","11","1","1","0","1","FALSE","12","1","FALSE"," 7","FALSE","1","1","1","1","1","2","1","FALSE","1","1","0","FALSE","FALSE","FALSE","1","14","1","0"," TRUE","FALSE","1","2","14","1","2","1"," 3","1","1","2","1","TRUE","1","TRUE","1","1","1","1","1","11","1","1"," 9","1","TRUE","1","11","14","3","1","1","10","14","33","6","1","1","2","SDC_BACKTRACKING","1"," 0","FALSE","-1","1","1","2","3"," 4","1","TRUE","1","1","1","1","3","1","1","2","1","2","1","1","1","1.0186547165","769","354.74","1","3","2171","1","1","0"
"17"," 0","1","2","3","1"," TRUE","1","6","1","1","1","1","1","1","1","2","2","14","14","2","1"," 5","1","1","3","1","1","2"," TRUE","FALSE","1"," TRUE","1","2","1","1","1","1","2","1","1"," TRUE","1","1","2","FALSE","0","11","1","1","0","1","FALSE","12","1","FALSE"," 7","FALSE","1","1","1","1","1","2","1","FALSE","1","1","0","FALSE","FALSE","FALSE","1","14","1","0"," TRUE","FALSE","1","2","14","1","2","1"," 3","1","1","2","1","TRUE","1","TRUE","1","1","1","1","1","11","1","1"," 9","1","TRUE","1","11","14","3","1","1","10","14","33","6","1","1","2","SDC_BACKTRACKING","1"," 0","FALSE","-1","1","1","2","3"," 4","1","TRUE","1","1","1","1","3","1","1","2","1","2","1","1","1","1.0333232798","769","354.74","1","3","2171","1","1","0"
"19","33","1","2","3","1","FALSE","1","6","1","1","1","1","1","1","1","1","1","14","14","1","1","11","1","1","3","1","1","1","FALSE","TRUE","1","FALSE","1","2","1","1","1","1","2","1","1","FALSE","1","1","2","FALSE","1","11","1","1","1","1","TRUE","10","1","FALSE","64","FALSE","1","1","1","1","1","1","1","FALSE","1","1","0","FALSE","TRUE","FALSE","1","14","1","1","FALSE","FALSE","1","2","14","1","2","1","14","1","1","1","1","TRUE","1","TRUE","1","1","1","1","1","11","1","1","10","1","TRUE","1","11","14","3","1","1","10","14","33","6","1","1","1","SDC_BACKTRACKING","1","33","FALSE","-1","1","1","2","1","14","1","TRUE","1","1","1","1","3","1","1","2","1","1","1","1","1","1","769","323.62","1","3","2264","1","1","0"
"20","33","1","2","3","1","FALSE","1","6","1","1","1","1","1","1","1","1","1","14","14","1","1","11","1","1","3","1","1","1","FALSE","TRUE","1","FALSE","1","2","1","1","1","1","2","1","1","FALSE","1","1","2","FALSE","1","11","1","1","1","1","TRUE","10","1","FALSE","64","FALSE","1","1","1","1","1","1","1","FALSE","1","1","0","FALSE","TRUE","FALSE","1","14","1","1","FALSE","FALSE","1","2","14","1","2","1","14","1","1","1","1","TRUE","1","TRUE","1","1","1","1","1","11","1","1","10","1","TRUE","1","11","14","3","1","1","10","14","33","6","1","1","1","SDC_BACKTRACKING","1","33","FALSE","-1","1","1","2","1","14","1","TRUE","1","1","1","1","3","1","1","2","1","1","1","1","1","1.06955447869","769","323.62","1","3","2264","1","1","0"
"21","33","1","2","3","1","FALSE","1","6","1","1","1","1","1","1","1","1","1","14","14","1","1","11","1","1","3","1","1","1","FALSE","TRUE","1","FALSE","1","2","1","1","1","1","2","1","1","FALSE","1","1","2","FALSE","1","11","1","1","1","1","TRUE","10","1","FALSE","64","FALSE","1","1","1","1","1","1","1","FALSE","1","1","0","FALSE","TRUE","FALSE","1","14","1","1","FALSE","FALSE","1","2","14","1","2","1","14","1","1","1","1","TRUE","1","TRUE","1","1","1","1","1","11","1","1","10","1","TRUE","1","11","14","3","1","1","10","14","33","6","1","1","1","SDC_BACKTRACKING","1","33","FALSE","-1","1","1","2","1","14","1","TRUE","1","1","1","1","3","1","1","2","1","1","1","1","1","1.08307648186","769","323.62","1","3","2264","1","1","0"
"22","33","1","2","3","1","FALSE","1","6","1","1","1","1","1","1","1","1","1","14","14","1","1","11","1","1","3","1","1","1","FALSE","TRUE","1","FALSE","1","2","1","1","1","1","2","1","1","FALSE","1","1","2","FALSE","1","11","1","1","1","1","TRUE","10","1","FALSE","64","FALSE","1","1","1","1","1","1","1","FALSE","1","1","0","FALSE","TRUE","FALSE","1","14","1","1","FALSE","FALSE","1","2","14","1","2","1","14","1","1","1","1","TRUE","1","TRUE","1","1","1","1","1","11","1","1","10","1","TRUE","1","11","14","3","1","1","10","14","33","6","1","1","1","SDC_BACKTRACKING","1","33","FALSE","-1","1","1","2","1","14","1","TRUE","1","1","1","1","3","1","1","2","1","1","1","1","1","1.35001059165","769","323.62","1","3","2264","1","1","0"
"23","33","1","2","3","1","FALSE","1","6","1","1","1","1","1","1","1","1","1","14","14","1","1","11","1","1","3","1","1","1","FALSE","TRUE","1","FALSE","1","2","1","1","1","1","2","1","1","FALSE","1","1","2","FALSE","1","11","1","1","1","1","TRUE","10","1","FALSE","64","FALSE","1","1","1","1","1","1","1","FALSE","1","1","0","FALSE","TRUE","FALSE","1","14","1","1","FALSE","FALSE","1","2","14","1","2","1","14","1","1","1","1","TRUE","1","TRUE","1","1","1","1","1","11","1","1","10","1","TRUE","1","11","14","3","1","1","10","14","33","6","1","1","1","SDC_BACKTRACKING","1","33","FALSE","-1","1","1","2","1","14","1","TRUE","1","1","1","1","3","1","1","2","1","1","1","1","1","Inf","769","323.62","1","3","2264","1","1","0"
"24","33","1","2","3","1","FALSE","1","6","1","1","1","1","1","1","1","1","1","14","14","1","1","11","1","1","3","1","1","1","FALSE","TRUE","1","FALSE","1","2","1","1","1","1","2","1","1","FALSE","1","1","2","FALSE","1","11","1","1","1","1","TRUE","10","1","FALSE","64","FALSE","1","1","1","1","1","1","1","FALSE","1","1","0","FALSE","TRUE","FALSE","1","14","1","1","FALSE","FALSE","1","2","14","1","2","1","14","1","1","1","1","TRUE","1","TRUE","1","1","1","1","1","11","1","1","10","1","TRUE","1","11","14","3","1","1","10","14","33","6","1","1","1","SDC_BACKTRACKING","1","33","FALSE","-1","1","1","2","1","14","1","TRUE","1","1","1","1","3","1","1","2","1","1","1","1","1","1.38162080768","769","323.62","1","3","2264","1","1","0"
"25","33","1","2","3","1","FALSE","1","6","1","1","1","1","1","1","1","1","1","14","14","1","1","11","1","1","3","1","1","1","FALSE","TRUE","1","FALSE","1","2","1","1","1","1","2","1","1","FALSE","1","1","2","FALSE","1","11","1","1","1","1","TRUE","10","1","FALSE","64","FALSE","1","1","1","1","1","1","1","FALSE","1","1","0","FALSE","TRUE","FALSE","1","14","1","1","FALSE","FALSE","1","2","14","1","2","1","14","1","1","1","1","TRUE","1","TRUE","1","1","1","1","1","11","1","1","10","1","TRUE","1","11","14","3","1","1","10","14","33","6","1","1","1","SDC_BACKTRACKING","1","33","FALSE","-1","1","1","2","1","14","1","TRUE","1","1","1","1","3","1","1","2","1","1","1","1","1","1.53894079226","769","323.62","1","3","2264","1","1","0"
"26","33","1","2","3","1","FALSE","1","6","1","1","1","1","1","1","1","1","1","14","14","1","1","11","1","1","3","1","1","1","FALSE","TRUE","1","FALSE","1","2","1","1","1","1","2","1","1","FALSE","1","1","2","FALSE","1","11","1","1","1","1","TRUE","10","1","FALSE","64","FALSE","1","1","1","1","1","1","1","FALSE","1","1","0","FALSE","TRUE","FALSE","1","14","1","1","FALSE","FALSE","1","2","14","1","2","1","14","1","1","1","1","TRUE","1","TRUE","1","1","1","1","1","11","1","1","10","1","TRUE","1","11","14","3","1","1","10","14","33","6","1","1","1","SDC_BACKTRACKING","1","33","FALSE","-1","1","1","2","1","14","1","TRUE","1","1","1","1","3","1","1","2","1","1","1","1","1","1.42569894202","769","323.62","1","3","2264","1","1","0"
"27","33","1","2","3","1","FALSE","1","6","1","1","1","1","1","1","1","1","1","14","14","1","1","11","1","1","3","1","1","1","FALSE","TRUE","1","FALSE","1","2","1","1","1","1","2","1","1","FALSE","1","1","2","FALSE","1","11","1","1","1","1","TRUE","10","1","FALSE","64","FALSE","1","1","1","1","1","1","1","FALSE","1","1","0","FALSE","TRUE","FALSE","1","14","1","1","FALSE","FALSE","1","2","14","1","2","1","14","1","1","1","1","TRUE","1","TRUE","1","1","1","1","1","11","1","1","10","1","TRUE","1","11","14","3","1","1","10","14","33","6","1","1","1","SDC_BACKTRACKING","1","33","FALSE","-1","1","1","2","1","14","1","TRUE","1","1","1","1","3","1","1","2","1","1","1","1","1","1.01726292229","769","323.62","1","3","2264","1","1","0"
"28","33","1","2","3","1","FALSE","1","6","1","1","1","1","1","1","1","1","1","14","14","1","1","11","1","1","3","1","1","1","FALSE","TRUE","1","FALSE","1","2","1","1","1","1","2","1","1","FALSE","1","1","2","FALSE","1","11","1","1","1","1","TRUE","10","1","FALSE","64","FALSE","1","1","1","1","1","1","1","FALSE","1","1","0","FALSE","TRUE","FALSE","1","14","1","1","FALSE","FALSE","1","2","14","1","2","1","14","1","1","1","1","TRUE","1","TRUE","1","1","1","1","1","11","1","1","10","1","TRUE","1","11","14","3","1","1","10","14","33","6","1","1","1","SDC_BACKTRACKING","1","33","FALSE","-1","1","1","2","1","14","1","TRUE","1","1","1","1","3","1","1","2","1","1","1","1","1","1.57735496207","769","323.62","1","3","2264","1","1","0"
"29","33","1","2","3","1","FALSE","1","6","1","1","1","1","1","1","1","1","1","14","14","1","1","11","1","1","3","1","1","1","FALSE","TRUE","1","FALSE","1","2","1","1","1","1","2","1","1","FALSE","1","1","2","FALSE","1","11","1","1","1","1","TRUE","10","1","FALSE","64","FALSE","1","1","1","1","1","1","1","FALSE","1","1","0","FALSE","TRUE","FALSE","1","14","1","1","FALSE","FALSE","1","2","14","1","2","1","14","1","1","1","1","TRUE","1","TRUE","1","1","1","1","1","11","1","1","10","1","TRUE","1","11","14","3","1","1","10","14","33","6","1","1","1","SDC_BACKTRACKING","1","33","FALSE","-1","1","1","2","1","14","1","TRUE","1","1","1","1","3","1","1","2","1","1","1","1","1","1.00169346208","769","323.62","1","3","2264","1","1","0"
"30","33","1","2","3","1","FALSE","1","6","1","1","1","1","1","1","1","1","1","14","14","1","1","11","1","1","3","1","1","1","FALSE","TRUE","1","FALSE","1","2","1","1","1","1","2","1","1","FALSE","1","1","2","FALSE","1","11","1","1","1","1","TRUE","10","1","FALSE","64","FALSE","1","1","1","1","1","1","1","FALSE","1","1","0","FALSE","TRUE","FALSE","1","14","1","1","FALSE","FALSE","1","2","14","1","2","1","14","1","1","1","1","TRUE","1","TRUE","1","1","1","1","1","11","1","1","10","1","TRUE","1","11","14","3","1","1","10","14","33","6","1","1","1","SDC_BACKTRACKING","1","33","FALSE","-1","1","1","2","1","14","1","TRUE","1","1","1","1","3","1","1","2","1","1","1","1","1","1.00083914409","769","323.62","1","3","2264","1","1","0"
"31","33","1","2","3","1","FALSE","1","6","1","1","1","1","1","1","1","1","1","14","14","1","1","11","1","1","3","1","1","1","FALSE","TRUE","1","FALSE","1","2","1","1","1","1","2","1","1","FALSE","1","1","2","FALSE","1","11","1","1","1","1","TRUE","10","1","FALSE","64","FALSE","1","1","1","1","1","1","1","FALSE","1","1","0","FALSE","TRUE","FALSE","1","14","1","1","FALSE","FALSE","1","2","14","1","2","1","14","1","1","1","1","TRUE","1","TRUE","1","1","1","1","1","11","1","1","10","1","TRUE","1","11","14","3","1","1","10","14","33","6","1","1","1","SDC_BACKTRACKING","1","33","FALSE","-1","1","1","2","1","14","1","TRUE","1","1","1","1","3","1","1","2","1","1","1","1","1","1.58451758973","769","323.62","1","3","2264","1","1","0"
"32","33","1","2","3","1","FALSE","1","6","1","1","1","1","1","1","1","1","1","14","14","1","1","11","1","1","3","1","1","1","FALSE","TRUE","1","FALSE","1","2","1","1","1","1","2","1","1","FALSE","1","1","2","FALSE","1","11","1","1","1","1","TRUE","10","1","FALSE","64","FALSE","1","1","1","1","1","1","1","FALSE","1","1","0","FALSE","TRUE","FALSE","1","14","1","1","FALSE","FALSE","1","2","14","1","2","1","14","1","1","1","1","TRUE","1","TRUE","1","1","1","1","1","11","1","1","10","1","TRUE","1","11","14","3","1","1","10","14","33","6","1","1","1","SDC_BACKTRACKING","1","33","FALSE","-1","1","1","2","1","14","1","TRUE","1","1","1","1","3","1","1","2","1","1","1","1","1","1","769","323.62","1","3","2264","1","1","0"
"33","33","1","2","3","1","FALSE","1","6","1","1","1","1","1","1","1","1","1","14","14","1","1","11","1","1","3","1","1","1","FALSE","TRUE","1","FALSE","1","2","1","1","1","1","2","1","1","FALSE","1","1","2","FALSE","1","11","1","1","1","1","TRUE","10","1","FALSE","64","FALSE","1","1","1","1","1","1","1","FALSE","1","1","0","FALSE","TRUE","FALSE","1","14","1","1","FALSE","FALSE","1","2","14","1","2","1","14","1","1","1","1","TRUE","1","TRUE","1","1","1","1","1","11","1","1","10","1","TRUE","1","11","14","3","1","1","10","14","33","6","1","1","1","SDC_BACKTRACKING","1","33","FALSE","-1","1","1","2","1","14","1","TRUE","1","1","1","1","3","1","1","2","1","1","1","1","1","1.4329974893","769","323.62","1","3","2264","1","1","0"
"34","33","1","2","3","1","FALSE","1","6","1","1","1","1","1","1","1","1","1","14","14","1","1","11","1","1","3","1","1","1","FALSE","TRUE","1","FALSE","1","2","1","1","1","1","2","1","1","FALSE","1","1","2","FALSE","1","11","1","1","1","1","TRUE","10","1","FALSE","64","FALSE","1","1","1","1","1","1","1","FALSE","1","1","0","FALSE","TRUE","FALSE","1","14","1","1","FALSE","FALSE","1","2","14","1","2","1","14","1","1","1","1","TRUE","1","TRUE","1","1","1","1","1","11","1","1","10","1","TRUE","1","11","14","3","1","1","10","14","33","6","1","1","1","SDC_BACKTRACKING","1","33","FALSE","-1","1","1","2","1","14","1","TRUE","1","1","1","1","3","1","1","2","1","1","1","1","1","1.67779059242","769","323.62","1","3","2264","1","1","0"
"35","33","1","2","3","1","FALSE","1","6","1","1","1","1","1","1","1","1","1","14","14","1","1","11","1","1","3","1","1","1","FALSE","TRUE","1","FALSE","1","2","1","1","1","1","2","1","1","FALSE","1","1","2","FALSE","1","11","1","1","1","1","TRUE","10","1","FALSE","64","FALSE","1","1","1","1","1","1","1","FALSE","1","1","0","FALSE","TRUE","FALSE","1","14","1","1","FALSE","FALSE","1","2","14","1","2","1","14","1","1","1","1","TRUE","1","TRUE","1","1","1","1","1","11","1","1","10","1","TRUE","1","11","14","3","1","1","10","14","33","6","1","1","1","SDC_BACKTRACKING","1","33","FALSE","-1","1","1","2","1","14","1","TRUE","1","1","1","1","3","1","1","2","1","1","1","1","1","Inf","769","323.62","1","3","2264","1","1","0"
"37","33","1","2","3","1","FALSE","1","6","1","1","1","1","1","1","1","1","1","14","14","1","1","11","1","1","3","1","1","1","FALSE","TRUE","1","FALSE","1","2","1","1","1","1","2","1","1","FALSE","1","1","2","FALSE","1","11","1","1","1","1","TRUE","10","1","FALSE","64","FALSE","1","1","1","1","1","1","1","FALSE","1","1","0","FALSE","TRUE","FALSE","1","14","1","1","FALSE","FALSE","1","2","14","1","2","1","14","1","1","1","1","TRUE","1","TRUE","1","1","1","1","1","11","1","1","10","1","TRUE","1","11","14","3","1","1","10","14","33","6","1","1","1","SDC_BACKTRACKING","1","33","FALSE"," -1","1","1","2","1","14","1","TRUE","1","1","1","1","3","1","1","2","1","1","1","1","1","1","769","323.62","1","3","2264","1","1","0"
"38","33","1","2","3","1","FALSE","1","6","1","1","1","1","1","1","1","1","1","14","14","1","1","11","1","1","3","1","1","1","FALSE","TRUE","1","FALSE","1","2","1","1","1","1","2","1","1","FALSE","1","1","2","FALSE","1","11","1","1","1","1","TRUE","10","1","FALSE","64","FALSE","1","1","1","1","1","1","1","FALSE","1","1","0","FALSE","TRUE","FALSE","1","14","1","1","FALSE","FALSE","1","2","14","1","2","1","14","1","1","1","1","TRUE","1","TRUE","1","1","1","1","1","11","1","1","10","1","TRUE","1","11","14","3","1","1","10","14","33","6","1","1","1","SDC_BACKTRACKING","1","33","FALSE"," -1","1","1","2","1","14","1","TRUE","1","1","1","1","3","1","1","2","1","1","1","1","1","Inf","769","323.62","1","3","2264","1","1","0"
"39","33","1","2","3","1","FALSE","1","6","1","1","1","1","1","1","1","1","1","14","14","1","1","11","1","1","3","1","1","1","FALSE","TRUE","1","FALSE","1","2","1","1","1","1","2","1","1","FALSE","1","1","2","FALSE","1","11","1","1","1","1","TRUE","10","1","FALSE","64","FALSE","1","1","1","1","1","1","1","FALSE","1","1","0","FALSE","TRUE","FALSE","1","14","1","1","FALSE","FALSE","1","2","14","1","2","1","14","1","1","1","1","TRUE","1","TRUE","1","1","1","1","1","11","1","1","10","1","TRUE","1","11","14","3","1","1","10","14","33","6","1","1","1","SDC_BACKTRACKING","1","33","FALSE"," -1","1","1","2","1","14","1","TRUE","1","1","1","1","3","1","1","2","1","1","1","1","1","Inf","769","323.62","1","3","2264","1","1","0"
"40","33","1","2","3","3"," TRUE","1","4","1","1","1","8","1","6","1","1","1","14","14","3","1","11","1","1","3","1","1","1","FALSE","TRUE","1","FALSE","1","2","1","1","1","1","2","5","1","FALSE","1","1","1","FALSE","1","11","3","1","1","1","TRUE","10","1","FALSE","64","FALSE","1","1","1","1","1","1","1","FALSE","0","1","2","FALSE","TRUE","FALSE","1","14","1","1","FALSE","FALSE","1","2","14","3","2","1"," 5","1","1","1","1","TRUE","1","TRUE","1","1","1","1","1","11","5","1","10","1","TRUE","1","11","14","3","1","1","10","14","33","6","1","1","1","SDC_BACKTRACKING","1","33","FALSE","302","1","1","2","1","14","1","TRUE","1","1","1","1","3","1","1","2","1","1","1","1","1","0.968071573226","769","353.73","1","3","2288","1","1","0"
"41","33","1","2","3","3"," TRUE","1","4","1","1","1","8","1","6","1","1","1","14","14","3","1","11","1","1","3","1","1","1","FALSE","TRUE","1","FALSE","1","2","1","1","1","1","2","5","1","FALSE","1","1","1","FALSE","1","11","3","1","1","1","TRUE","10","1","FALSE","64","FALSE","1","1","1","1","1","1","1","FALSE","0","1","2","FALSE","TRUE","FALSE","1","14","1","1","FALSE","FALSE","1","2","14","3","2","1"," 5","1","1","1","1","TRUE","1","TRUE","1","1","1","1","1","11","5","1","10","1","TRUE","1","11","14","3","1","1","10","14","33","6","1","1","1","SDC_BACKTRACKING","1","33","FALSE","302","1","1","2","1","14","1","TRUE","1","1","1","1","3","1","1","2","1","1","1","1","1","1.27406397965","769","353.73","1","3","2288","1","1","0"
"42","33","1","2","3","3"," TRUE","1","4","1","1","1","8","1","6","1","1","1","14","14","3","1","11","1","1","3","1","1","1","FALSE","TRUE","1","FALSE","1","2","1","1","1","1","2","5","1","FALSE","1","1","1","FALSE","1","11","3","1","1","1","TRUE","10","1","FALSE","64","FALSE","1","1","1","1","1","1","1","FALSE","0","1","2","FALSE","TRUE","FALSE","1","14","1","1","FALSE","FALSE","1","2","14","3","2","1"," 5","1","1","1","1","TRUE","1","TRUE","1","1","1","1","1","11","5","1","10","1","TRUE","1","11","14","3","1","1","10","14","33","6","1","1","1","SDC_BACKTRACKING","1","33","FALSE","302","1","1","2","1","14","1","TRUE","1","1","1","1","3","1","1","2","1","1","1","1","1","0.999222532265","769","353.73","1","3","2288","1","1","0"
"43","33","1","2","3","3"," TRUE","1","4","1","1","1","8","1","6","1","1","1","14","14","3","1","11","1","1","3","1","1","1","FALSE","TRUE","1","FALSE","1","2","1","1","1","1","2","5","1","FALSE","1","1","1","FALSE","1","11","3","1","1","1","TRUE","10","1","FALSE","64","FALSE","1","1","1","1","1","1","1","FALSE","0","1","2","FALSE","TRUE","FALSE","1","14","1","1","FALSE","FALSE","1","2","14","3","2","1"," 5","1","1","1","1","TRUE","1","TRUE","1","1","1","1","1","11","5","1","10","1","TRUE","1","11","14","3","1","1","10","14","33","6","1","1","1","SDC_BACKTRACKING","1","33","FALSE","302","1","1","2","1","14","1","TRUE","1","1","1","1","3","1","1","2","1","1","1","1","1","0.968071573226","769","353.73","1","3","2288","1","1","0"
"44","33","1","2","3","3"," TRUE","1","4","1","1","1","8","1","6","1","1","1","14","14","3","1","11","1","1","3","1","1","1","FALSE","TRUE","1","FALSE","1","2","1","1","1","1","2","5","1","FALSE","1","1","1","FALSE","1","11","3","1","1","1","TRUE","10","1","FALSE","64","FALSE","1","1","1","1","1","1","1","FALSE","0","1","2","FALSE","TRUE","FALSE","1","14","1","1","FALSE","FALSE","1","2","14","3","2","1"," 5","1","1","1","1","TRUE","1","TRUE","1","1","1","1","1","11","5","1","10","1","TRUE","1","11","14","3","1","1","10","14","33","6","1","1","1","SDC_BACKTRACKING","1","33","FALSE","302","1","1","2","1","14","1","TRUE","1","1","1","1","3","1","1","2","1","1","1","1","1","0.968071573226","769","353.73","1","3","2288","1","1","0"
"45","33","1","2","3","3"," TRUE","1","4","1","1","1","8","1","6","1","1","1","14","14","3","1","11","1","1","3","1","1","1","FALSE","TRUE","1","FALSE","1","2","1","1","1","1","2","5","1","FALSE","1","1","1","FALSE","1","11","3","1","1","1","TRUE","10","1","FALSE","64","FALSE","1","1","1","1","1","1","1","FALSE","0","1","2","FALSE","TRUE","FALSE","1","14","1","1","FALSE","FALSE","1","2","14","3","2","1"," 5","1","1","1","1","TRUE","1","TRUE","1","1","1","1","1","11","5","1","10","1","TRUE","1","11","14","3","1","1","10","14","33","6","1","1","1","SDC_BACKTRACKING","1","33","FALSE","302","1","1","2","1","14","1","TRUE","1","1","1","1","3","1","1","2","1","1","1","1","1","0.968071573226","769","353.73","1","3","2288","1","1","0"
"46","33","1","2","3","3"," TRUE","1","4","1","1","1","8","1","6","1","1","1","14","14","3","1","11","1","1","3","1","1","1","FALSE","TRUE","1","FALSE","1","2","1","1","1","1","2","5","1","FALSE","1","1","1","FALSE","1","11","3","1","1","1","TRUE","10","1","FALSE","64","FALSE","1","1","1","1","1","1","1","FALSE","0","1","2","FALSE","TRUE","FALSE","1","14","1","1","FALSE","FALSE","1","2","14","3","2","1"," 5","1","1","1","1","TRUE","1","TRUE","1","1","1","1","1","11","5","1","10","1","TRUE","1","11","14","3","1","1","10","14","33","6","1","1","1","SDC_BACKTRACKING","1","33","FALSE","302","1","1","2","1","14","1","TRUE","1","1","1","1","3","1","1","2","1","1","1","1","1","1.30140143848","769","353.73","1","3","2288","1","1","0"
"47","33","1","2","3","3"," TRUE","1","4","1","1","1","8","1","6","1","1","1","14","14","3","1","11","1","1","3","1","1","1","FALSE","TRUE","1","FALSE","1","2","1","1","1","1","2","5","1","FALSE","1","1","1","FALSE","1","11","3","1","1","1","TRUE","10","1","FALSE","64","FALSE","1","1","1","1","1","1","1","FALSE","0","1","2","FALSE","TRUE","FALSE","1","14","1","1","FALSE","FALSE","1","2","14","3","2","1"," 5","1","1","1","1","TRUE","1","TRUE","1","1","1","1","1","11","5","1","10","1","TRUE","1","11","14","3","1","1","10","14","33","6","1","1","1","SDC_BACKTRACKING","1","33","FALSE","302","1","1","2","1","14","1","TRUE","1","1","1","1","3","1","1","2","1","1","1","1","1","1.80073782525","769","353.73","1","3","2288","1","1","0"
"48","33","1","2","3","3"," TRUE","1","4","1","1","1","8","1","6","1","1","1","14","14","3","1","11","1","1","3","1","1","1","FALSE","TRUE","1","FALSE","1","2","1","1","1","1","2","5","1","FALSE","1","1","1","FALSE","1","11","3","1","1","1","TRUE","10","1","FALSE","64","FALSE","1","1","1","1","1","1","1","FALSE","0","1","2","FALSE","TRUE","FALSE","1","14","1","1","FALSE","FALSE","1","2","14","3","2","1"," 5","1","1","1","1","TRUE","1","TRUE","1","1","1","1","1","11","5","1","10","1","TRUE","1","11","14","3","1","1","10","14","33","6","1","1","1","SDC_BACKTRACKING","1","33","FALSE","302","1","1","2","1","14","1","TRUE","1","1","1","1","3","1","1","2","1","1","1","1","1","1.40297057314","769","353.73","1","3","2288","1","1","0"
"49","33","1","2","3","3"," TRUE","1","4","1","1","1","8","1","6","1","1","1","14","14","3","1","11","1","1","3","1","1","1","FALSE","TRUE","1","FALSE","1","2","1","1","1","1","2","5","1","FALSE","1","1","1","FALSE","1","11","3","1","1","1","TRUE","10","1","FALSE","64","FALSE","1","1","1","1","1","1","1","FALSE","0","1","2","FALSE","TRUE","FALSE","1","14","1","1","FALSE","FALSE","1","2","14","3","2","1"," 5","1","1","1","1","TRUE","1","TRUE","1","1","1","1","1","11","5","1","10","1","TRUE","1","11","14","3","1","1","10","14","33","6","1","1","1","SDC_BACKTRACKING","1","33","FALSE","302","1","1","2","1","14","1","TRUE","1","1","1","1","3","1","1","2","1","1","1","1","1","1.20129452936","769","353.73","1","3","2288","1","1","0"
"50","33","1","2","3","3"," TRUE","1","4","1","1","1","8","1","6","1","1","1","14","14","3","1","11","1","1","3","1","1","1","FALSE","TRUE","1","FALSE","1","2","1","1","1","1","2","5","1","FALSE","1","1","1","FALSE","1","11","3","1","1","1","TRUE","10","1","FALSE","64","FALSE","1","1","1","1","1","1","1","FALSE","0","1","2","FALSE","TRUE","FALSE","1","14","1","1","FALSE","FALSE","1","2","14","3","2","1"," 5","1","1","1","1","TRUE","1","TRUE","1","1","1","1","1","11","5","1","10","1","TRUE","1","11","14","3","1","1","10","14","33","6","1","1","1","SDC_BACKTRACKING","1","33","FALSE","302","1","1","2","1","14","1","TRUE","1","1","1","1","3","1","1","2","1","1","1","1","1","0.968071573226","769","353.73","1","3","2288","1","1","0"
"51","33","1","2","3","3"," TRUE","1","4","1","1","1","8","1","6","1","1","1","14","14","3","1","11","1","1","3","1","1","1","FALSE","TRUE","1","FALSE","1","2","1","1","1","1","2","5","1","FALSE","1","1","1","FALSE","1","11","3","1","1","1","TRUE","10","1","FALSE","64","FALSE","1","1","1","1","1","1","1","FALSE","0","1","2","FALSE","TRUE","FALSE","1","14","1","1","FALSE","FALSE","1","2","14","3","2","1"," 5","1","1","1","1","TRUE","1","TRUE","1","1","1","1","1","11","5","1","10","1","TRUE","1","11","14","3","1","1","10","14","33","6","1","1","1","SDC_BACKTRACKING","1","33","FALSE","302","1","1","2","1","14","1","TRUE","1","1","1","1","3","1","1","2","1","1","1","1","1","1.53095853412","769","353.73","1","3","2288","1","1","0"
"52","33","1","2","3","3"," TRUE","1","4","1","1","1","8","1","6","1","1","1","14","14","3","1","11","1","1","3","1","1","1","FALSE","TRUE","1","FALSE","1","2","1","1","1","1","2","5","1","FALSE","1","1","1","FALSE","1","11","3","1","1","1","TRUE","10","1","FALSE","64","FALSE","1","1","1","1","1","1","1","FALSE","0","1","2","FALSE","TRUE","FALSE","1","14","1","1","FALSE","FALSE","1","2","14","3","2","1"," 5","1","1","1","1","TRUE","1","TRUE","1","1","1","1","1","11","5","1","10","1","TRUE","1","11","14","3","1","1","10","14","33","6","1","1","1","SDC_BACKTRACKING","1","33","FALSE","302","1","1","2","1","14","1","TRUE","1","1","1","1","3","1","1","2","1","1","1","1","1","2.07192586008","769","353.73","1","3","2288","1","1","0"
"53"," 2","1","2","3","3","FALSE","1","4","2","1","1","8","1","6","1","1","1","14"," 4","4","1"," 6","2","1","3","2","1","1"," TRUE","TRUE","1"," TRUE","1","2","1","1","1","1","2","5","1","FALSE","1","1","2"," TRUE","1","11","3","1","1","1","TRUE","10","2","FALSE","64","FALSE","1","1","1","1","1","1","1","FALSE","0","1","2"," TRUE","TRUE","FALSE","1","14","2","0","FALSE","FALSE","1","2","14","3","2","1"," 5","1","1","1","1","TRUE","1","TRUE","1","1","1","1","1","11","5","1","10","1","TRUE","1","11","14","3","1","1","12","14","33","6","1","1","2","ITERATIVE","1","33","FALSE","302","0","2","2","2","14","1","TRUE","1","1","1","1","3","1","0","3","1","1","1","1","1","0.955402429825","769","356","1","3","2171","1","1","0"
"55","33","1","2","3","1","FALSE","1","6","1","1","1","1","1","1","1","1","1","14","14","1","1","11","1","1","3","1","1","1","FALSE","TRUE","1","FALSE","1","2","1","1","1","1","2","1","1","FALSE","1","1","2","FALSE","1","11","1","1","1","1"," TRUE","10","1","FALSE","64","FALSE","1","1","1","1","1","1","1","FALSE","1","1","0","FALSE"," TRUE","FALSE","1","14","1","1","FALSE","FALSE","1","2","14","1","2","1","14","1","1","1","1","TRUE","1","TRUE","1","1","1","1","1","11","1","1","10","1"," TRUE","1","11","14","3","1","1","10","14","33","6","1","1","1","SDC_BACKTRACKING","1","33","FALSE","-1","1","1","2","1","14","1","TRUE","1","1","1","1","3","1","1","2","1","1","1","1","1","1","769","323.62","1","3","2264","1","1","0"
"56","33","1","2","3","1","FALSE","1","6","1","1","1","1","1","1","1","1","1","14","14","1","1","11","1","1","3","1","1","1","FALSE","TRUE","1","FALSE","1","2","1","1","1","1","2","1","1","FALSE","1","1","2","FALSE","1","11","1","1","1","1"," TRUE","10","1","FALSE","64","FALSE","1","1","1","1","1","1","1","FALSE","1","1","0","FALSE"," TRUE","FALSE","1","14","1","1","FALSE","FALSE","1","2","14","1","2","1","14","1","1","1","1","TRUE","1","TRUE","1","1","1","1","1","11","1","1","10","1"," TRUE","1","11","14","3","1","1","10","14","33","6","1","1","1","SDC_BACKTRACKING","1","33","FALSE","-1","1","1","2","1","14","1","TRUE","1","1","1","1","3","1","1","2","1","1","1","1","1","Inf","769","323.62","1","3","2264","1","1","0"
"57"," 2","1","2","3","1"," TRUE","1","6","1","1","1","1","1","1","1","2","1","14","14","1","1"," 7","3","1","3","1","1","1"," TRUE","TRUE","2","FALSE","2","2","1","1","1","1","2","1","1"," TRUE","1","1","2","FALSE","1"," 7","1","1","1","1","FALSE","10","1","FALSE","64","FALSE","1","1","1","1","1","1","1","FALSE","1","1","0","FALSE","FALSE","FALSE","2","14","1","1"," TRUE","FALSE","1","2"," 2","0","2","1","14","1","1","1","1","TRUE","1","TRUE","1","1","1","1","2","11","1","1","10","1","FALSE","1","11"," 3","4","1","1","11","14","33","6","2","1","0","SDC_BACKTRACKING","1","33","FALSE","-1","1","0","2","1"," 3","1","TRUE","1","1","1","1","3","1","1","2","1","1","1","2","1","0.956693963488","769","354.74","1","3","2171","1","1","0"
"58"," 2","1","2","3","1"," TRUE","1","6","1","1","1","1","1","1","1","2","1","14","14","1","1"," 7","3","1","3","1","1","1"," TRUE","TRUE","2","FALSE","2","2","1","1","1","1","2","1","1"," TRUE","1","1","2","FALSE","1"," 7","1","1","1","1","FALSE","10","1","FALSE","64","FALSE","1","1","1","1","1","1","1","FALSE","1","1","0","FALSE","FALSE","FALSE","2","14","1","1"," TRUE","FALSE","1","2"," 2","0","2","1","14","1","1","1","1","TRUE","1","TRUE","1","1","1","1","2","11","1","1","10","1","FALSE","1","11"," 3","4","1","1","11","14","33","6","2","1","0","SDC_BACKTRACKING","1","33","FALSE","-1","1","0","2","1"," 3","1","TRUE","1","1","1","1","3","1","1","2","1","1","1","2","1","1.20232161413","769","354.74","1","3","2171","1","1","0"
"59"," 2","1","2","3","1"," TRUE","1","6","1","1","1","1","1","1","1","2","1","14","14","1","1"," 7","3","1","3","1","1","1"," TRUE","TRUE","2","FALSE","2","2","1","1","1","1","2","1","1"," TRUE","1","1","2","FALSE","1"," 7","1","1","1","1","FALSE","10","1","FALSE","64","FALSE","1","1","1","1","1","1","1","FALSE","1","1","0","FALSE","FALSE","FALSE","2","14","1","1"," TRUE","FALSE","1","2"," 2","0","2","1","14","1","1","1","1","TRUE","1","TRUE","1","1","1","1","2","11","1","1","10","1","FALSE","1","11"," 3","4","1","1","11","14","33","6","2","1","0","SDC_BACKTRACKING","1","33","FALSE","-1","1","0","2","1"," 3","1","TRUE","1","1","1","1","3","1","1","2","1","1","1","2","1","Inf","769","354.74","1","3","2171","1","1","0"
"60"," 2","1","2","3","1"," TRUE","1","6","1","1","1","1","1","1","1","2","1","14","14","1","1"," 7","3","1","3","1","1","1"," TRUE","TRUE","2","FALSE","2","2","1","1","1","1","2","1","1"," TRUE","1","1","2","FALSE","1"," 7","1","1","1","1","FALSE","10","1","FALSE","64","FALSE","1","1","1","1","1","1","1","FALSE","1","1","0","FALSE","FALSE","FALSE","2","14","1","1"," TRUE","FALSE","1","2"," 2","0","2","1","14","1","1","1","1","TRUE","1","TRUE","1","1","1","1","2","11","1","1","10","1","FALSE","1","11"," 3","4","1","1","11","14","33","6","2","1","0","SDC_BACKTRACKING","1","33","FALSE","-1","1","0","2","1"," 3","1","TRUE","1","1","1","1","3","1","1","2","1","1","1","2","1","0.956693963488","769","354.74","1","3","2171","1","1","0"
"61"," 2","1","2","3","1"," TRUE","1","6","1","1","1","1","1","1","1","2","1","14","14","1","1"," 7","3","1","3","1","1","1"," TRUE","TRUE","2","FALSE","2","2","1","1","1","1","2","1","1"," TRUE","1","1","2","FALSE","1"," 7","1","1","1","1","FALSE","10","1","FALSE","64","FALSE","1","1","1","1","1","1","1","FALSE","1","1","0","FALSE","FALSE","FALSE","2","14","1","1"," TRUE","FALSE","1","2"," 2","0","2","1","14","1","1","1","1","TRUE","1","TRUE","1","1","1","1","2","11","1","1","10","1","FALSE","1","11"," 3","4","1","1","11","14","33","6","2","1","0","SDC_BACKTRACKING","1","33","FALSE","-1","1","0","2","1"," 3","1","TRUE","1","1","1","1","3","1","1","2","1","1","1","2","1","Inf","769","354.74","1","3","2171","1","1","0"
"62"," 2","1","2","3","1"," TRUE","1","6","1","1","1","1","1","1","1","2","1","14","14","1","1"," 7","3","1","3","1","1","1"," TRUE","TRUE","2","FALSE","2","2","1","1","1","1","2","1","1"," TRUE","1","1","2","FALSE","1"," 7","1","1","1","1","FALSE","10","1","FALSE","64","FALSE","1","1","1","1","1","1","1","FALSE","1","1","0","FALSE","FALSE","FALSE","2","14","1","1"," TRUE","FALSE","1","2"," 2","0","2","1","14","1","1","1","1","TRUE","1","TRUE","1","1","1","1","2","11","1","1","10","1","FALSE","1","11"," 3","4","1","1","11","14","33","6","2","1","0","SDC_BACKTRACKING","1","33","FALSE","-1","1","0","2","1"," 3","1","TRUE","1","1","1","1","3","1","1","2","1","1","1","2","1","1.42563498397","769","354.74","1","3","2171","1","1","0"
"63"," 2","1","2","3","1"," TRUE","1","6","1","1","1","1","1","1","1","2","1","14","14","1","1"," 7","3","1","3","1","1","1"," TRUE","TRUE","2","FALSE","2","2","1","1","1","1","2","1","1"," TRUE","1","1","2","FALSE","1"," 7","1","1","1","1","FALSE","10","1","FALSE","64","FALSE","1","1","1","1","1","1","1","FALSE","1","1","0","FALSE","FALSE","FALSE","2","14","1","1"," TRUE","FALSE","1","2"," 2","0","2","1","14","1","1","1","1","TRUE","1","TRUE","1","1","1","1","2","11","1","1","10","1","FALSE","1","11"," 3","4","1","1","11","14","33","6","2","1","0","SDC_BACKTRACKING","1","33","FALSE","-1","1","0","2","1"," 3","1","TRUE","1","1","1","1","3","1","1","2","1","1","1","2","1","0.970877356667","769","354.74","1","3","2171","1","1","0"
"64"," 2","1","2","3","1"," TRUE","1","6","1","1","1","1","1","1","1","2","1","14","14","1","1"," 7","3","1","3","1","1","1"," TRUE","TRUE","2","FALSE","2","2","1","1","1","1","2","1","1"," TRUE","1","1","2","FALSE","1"," 7","1","1","1","1","FALSE","10","1","FALSE","64","FALSE","1","1","1","1","1","1","1","FALSE","1","1","0","FALSE","FALSE","FALSE","2","14","1","1"," TRUE","FALSE","1","2"," 2","0","2","1","14","1","1","1","1","TRUE","1","TRUE","1","1","1","1","2","11","1","1","10","1","FALSE","1","11"," 3","4","1","1","11","14","33","6","2","1","0","SDC_BACKTRACKING","1","33","FALSE","-1","1","0","2","1"," 3","1","TRUE","1","1","1","1","3","1","1","2","1","1","1","2","1","1.67062928308","769","354.74","1","3","2171","1","1","0"
"65"," 2","1","2","3","1"," TRUE","1","6","1","1","1","1","1","1","1","2","1","14","14","1","1"," 7","3","1","3","1","1","1"," TRUE","TRUE","2","FALSE","2","2","1","1","1","1","2","1","1"," TRUE","1","1","2","FALSE","1"," 7","1","1","1","1","FALSE","10","1","FALSE","64","FALSE","1","1","1","1","1","1","1","FALSE","1","1","0","FALSE","FALSE","FALSE","2","14","1","1"," TRUE","FALSE","1","2"," 2","0","2","1","14","1","1","1","1","TRUE","1","TRUE","1","1","1","1","2","11","1","1","10","1","FALSE","1","11"," 3","4","1","1","11","14","33","6","2","1","0","SDC_BACKTRACKING","1","33","FALSE","-1","1","0","2","1"," 3","1","TRUE","1","1","1","1","3","1","1","2","1","1","1","2","1","0.956693963488","769","354.74","1","3","2171","1","1","0"
"66"," 2","1","2","3","1"," TRUE","1","6","1","1","1","1","1","1","1","2","1","14","14","1","1"," 7","3","1","3","1","1","1"," TRUE","TRUE","2","FALSE","2","2","1","1","1","1","2","1","1"," TRUE","1","1","2","FALSE","1"," 7","1","1","1","1","FALSE","10","1","FALSE","64","FALSE","1","1","1","1","1","1","1","FALSE","1","1","0","FALSE","FALSE","FALSE","2","14","1","1"," TRUE","FALSE","1","2"," 2","0","2","1","14","1","1","1","1","TRUE","1","TRUE","1","1","1","1","2","11","1","1","10","1","FALSE","1","11"," 3","4","1","1","11","14","33","6","2","1","0","SDC_BACKTRACKING","1","33","FALSE","-1","1","0","2","1"," 3","1","TRUE","1","1","1","1","3","1","1","2","1","1","1","2","1","Inf","769","354.74","1","3","2171","1","1","0"
"67"," 2","1","2","3","1"," TRUE","1","6","1","1","1","1","1","1","1","2","1","14","14","1","1"," 7","3","1","3","1","1","1"," TRUE","TRUE","2","FALSE","2","2","1","1","1","1","2","1","1"," TRUE","1","1","2","FALSE","1"," 7","1","1","1","1","FALSE","10","1","FALSE","64","FALSE","1","1","1","1","1","1","1","FALSE","1","1","0","FALSE","FALSE","FALSE","2","14","1","1"," TRUE","FALSE","1","2"," 2","0","2","1","14","1","1","1","1","TRUE","1","TRUE","1","1","1","1","2","11","1","1","10","1","FALSE","1","11"," 3","4","1","1","11","14","33","6","2","1","0","SDC_BACKTRACKING","1","33","FALSE","-1","1","0","2","1"," 3","1","TRUE","1","1","1","1","3","1","1","2","1","1","1","2","1","1.01726292229","769","354.74","1","3","2171","1","1","0"
"68"," 2","1","2","3","1"," TRUE","1","6","1","1","1","1","1","1","1","2","1","14","14","1","1"," 7","3","1","3","1","1","1"," TRUE","TRUE","2","FALSE","2","2","1","1","1","1","2","1","1"," TRUE","1","1","2","FALSE","1"," 7","1","1","1","1","FALSE","10","1","FALSE","64","FALSE","1","1","1","1","1","1","1","FALSE","1","1","0","FALSE","FALSE","FALSE","2","14","1","1"," TRUE","FALSE","1","2"," 2","0","2","1","14","1","1","1","1","TRUE","1","TRUE","1","1","1","1","2","11","1","1","10","1","FALSE","1","11"," 3","4","1","1","11","14","33","6","2","1","0","SDC_BACKTRACKING","1","33","FALSE","-1","1","0","2","1"," 3","1","TRUE","1","1","1","1","3","1","1","2","1","1","1","2","1","0.964835065771","769","354.74","1","3","2171","1","1","0"
"69"," 2","1","2","3","1"," TRUE","1","6","1","1","1","1","1","1","1","2","1","14","14","1","1"," 7","3","1","3","1","1","1"," TRUE","TRUE","2","FALSE","2","2","1","1","1","1","2","1","1"," TRUE","1","1","2","FALSE","1"," 7","1","1","1","1","FALSE","10","1","FALSE","64","FALSE","1","1","1","1","1","1","1","FALSE","1","1","0","FALSE","FALSE","FALSE","2","14","1","1"," TRUE","FALSE","1","2"," 2","0","2","1","14","1","1","1","1","TRUE","1","TRUE","1","1","1","1","2","11","1","1","10","1","FALSE","1","11"," 3","4","1","1","11","14","33","6","2","1","0","SDC_BACKTRACKING","1","33","FALSE","-1","1","0","2","1"," 3","1","TRUE","1","1","1","1","3","1","1","2","1","1","1","2","1","1.76123444391","769","354.74","1","3","2171","1","1","0"
"70"," 2","1","2","3","1"," TRUE","1","6","1","1","1","1","1","1","1","2","1","14","14","1","1"," 7","3","1","3","1","1","1"," TRUE","TRUE","2","FALSE","2","2","1","1","1","1","2","1","1"," TRUE","1","1","2","FALSE","1"," 7","1","1","1","1","FALSE","10","1","FALSE","64","FALSE","1","1","1","1","1","1","1","FALSE","1","1","0","FALSE","FALSE","FALSE","2","14","1","1"," TRUE","FALSE","1","2"," 2","0","2","1","14","1","1","1","1","TRUE","1","TRUE","1","1","1","1","2","11","1","1","10","1","FALSE","1","11"," 3","4","1","1","11","14","33","6","2","1","0","SDC_BACKTRACKING","1","33","FALSE","-1","1","0","2","1"," 3","1","TRUE","1","1","1","1","3","1","1","2","1","1","1","2","1","1.00415362628","769","354.74","1","3","2171","1","1","0"
"71"," 2","1","2","3","1"," TRUE","1","6","1","1","1","1","1","1","1","2","1","14","14","1","1"," 7","3","1","3","1","1","1"," TRUE","TRUE","2","FALSE","2","2","1","1","1","1","2","1","1"," TRUE","1","1","2","FALSE","1"," 7","1","1","1","1","FALSE","10","1","FALSE","64","FALSE","1","1","1","1","1","1","1","FALSE","1","1","0","FALSE","FALSE","FALSE","2","14","1","1"," TRUE","FALSE","1","2"," 2","0","2","1","14","1","1","1","1","TRUE","1","TRUE","1","1","1","1","2","11","1","1","10","1","FALSE","1","11"," 3","4","1","1","11","14","33","6","2","1","0","SDC_BACKTRACKING","1","33","FALSE","-1","1","0","2","1"," 3","1","TRUE","1","1","1","1","3","1","1","2","1","1","1","2","1","2.1209865371","769","354.74","1","3","2171","1","1","0"
"72"," 2","1","2","3","1"," TRUE","1","6","1","1","1","1","1","1","1","2","1","14","14","1","1"," 7","3","1","3","1","1","1"," TRUE","TRUE","2","FALSE","2","2","1","1","1","1","2","1","1"," TRUE","1","1","2","FALSE","1"," 7","1","1","1","1","FALSE","10","1","FALSE","64","FALSE","1","1","1","1","1","1","1","FALSE","1","1","0","FALSE","FALSE","FALSE","2","14","1","1"," TRUE","FALSE","1","2"," 2","0","2","1","14","1","1","1","1","TRUE","1","TRUE","1","1","1","1","2","11","1","1","10","1","FALSE","1","11"," 3","4","1","1","11","14","33","6","2","1","0","SDC_BACKTRACKING","1","33","FALSE","-1","1","0","2","1"," 3","1","TRUE","1","1","1","1","3","1","1","2","1","1","1","2","1","1.00717489347","769","354.74","1","3","2171","1","1","0"
"73"," 2","1","2","3","1"," TRUE","1","6","1","1","1","1","1","1","1","2","1","14","14","1","1"," 7","3","1","3","1","1","1"," TRUE","TRUE","2","FALSE","2","2","1","1","1","1","2","1","1"," TRUE","1","1","2","FALSE","1"," 7","1","1","1","1","FALSE","10","1","FALSE","64","FALSE","1","1","1","1","1","1","1","FALSE","1","1","0","FALSE","FALSE","FALSE","2","14","1","1"," TRUE","FALSE","1","2"," 2","0","2","1","14","1","1","1","1","TRUE","1","TRUE","1","1","1","1","2","11","1","1","10","1","FALSE","1","11"," 3","4","1","1","11","14","33","6","2","1","0","SDC_BACKTRACKING","1","33","FALSE","-1","1","0","2","1"," 3","1","TRUE","1","1","1","1","3","1","1","2","1","1","1","2","1","2.03886052261","769","354.74","1","3","2171","1","1","0"
"75","33","1","2","3","1","FALSE","1","6","1","1","1","1","1","1","1","1","1","14","14","1","1","11","1","1","3","1","1","1","FALSE","TRUE","1","FALSE","1","2","1","1","1","1","2","1","1","FALSE","1","1","2","FALSE","1","11","1","1","1","1","TRUE","10","1","FALSE","64","FALSE","1","1","1","1","1","1","1","FALSE","1","1","0","FALSE","TRUE","FALSE","1","14","1","1","FALSE","FALSE","1","2","14","1","2","1","14","1","1","1","1","TRUE","1"," TRUE","1","1","1","1","1","11","1","1","10","1","TRUE","1","11","14","3","1","1","10","14","33","6","1","1","1","SDC_BACKTRACKING","1","33","FALSE","  -1","1","1","2","1","14","1"," TRUE","1","1","1","1","3","1","1","2","1","1","1","1","1","1","769","323.62","1","3","2264","1","1","0"
"76","33","1","2","3","1","FALSE","1","6","1","1","1","1","1","1","1","1","1","14","14","1","1","11","1","1","3","1","1","1","FALSE","TRUE","1","FALSE","1","2","1","1","1","1","2","1","1","FALSE","1","1","2","FALSE","1","11","1","1","1","1","TRUE","10","1","FALSE","64","FALSE","1","1","1","1","1","1","1","FALSE","1","1","0","FALSE","TRUE","FALSE","1","14","1","1","FALSE","FALSE","1","2","14","1","2","1","14","1","1","1","1","TRUE","1"," TRUE","1","1","1","1","1","11","1","1","10","1","TRUE","1","11","14","3","1","1","10","14","33","6","1","1","1","SDC_BACKTRACKING","1","33","FALSE","  -1","1","1","2","1","14","1"," TRUE","1","1","1","1","3","1","1","2","1","1","1","1","1","1.01726292229","769","323.62","1","3","2264","1","1","0"
"77","33","1","2","3","1","FALSE","1","6","1","1","1","1","1","1","1","1","1","14","14","1","1","11","1","1","3","1","1","1","FALSE","TRUE","1","FALSE","1","2","1","1","1","1","2","1","1","FALSE","1","1","2","FALSE","1","11","1","1","1","1","TRUE","10","1","FALSE","64","FALSE","1","1","1","1","1","1","1","FALSE","1","1","0","FALSE","TRUE","FALSE","1","14","1","1","FALSE","FALSE","1","2","14","1","2","1","14","1","1","1","1","TRUE","1"," TRUE","1","1","1","1","1","11","1","1","10","1","TRUE","1","11","14","3","1","1","10","14","33","6","1","1","1","SDC_BACKTRACKING","1","33","FALSE","  -1","1","1","2","1","14","1"," TRUE","1","1","1","1","3","1","1","2","1","1","1","1","1","2.11203402664","769","323.62","1","3","2264","1","1","0"
"78","33","1","2","3","1","FALSE","1","6","1","1","1","1","1","1","1","1","1","14","14","1","1","11","1","1","3","1","1","1","FALSE","TRUE","1","FALSE","1","2","1","1","1","1","2","1","1","FALSE","1","1","2","FALSE","1","11","1","1","1","1","TRUE","10","1","FALSE","64","FALSE","1","1","1","1","1","1","1","FALSE","1","1","0","FALSE","TRUE","FALSE","1","14","1","1","FALSE","FALSE","1","2","14","1","2","1","14","1","1","1","1","TRUE","1"," TRUE","1","1","1","1","1","11","1","1","10","1","TRUE","1","11","14","3","1","1","10","14","33","6","1","1","1","SDC_BACKTRACKING","1","33","FALSE","  -1","1","1","2","1","14","1"," TRUE","1","1","1","1","3","1","1","2","1","1","1","1","1","1.16843482976","769","323.62","1","3","2264","1","1","0"
"79","33","1","2","3","1","FALSE","1","6","1","1","1","1","1","1","1","1","1","14","14","1","1","11","1","1","3","1","1","1","FALSE","TRUE","1","FALSE","1","2","1","1","1","1","2","1","1","FALSE","1","1","2","FALSE","1","11","1","1","1","1","TRUE","10","1","FALSE","64","FALSE","1","1","1","1","1","1","1","FALSE","1","1","0","FALSE","TRUE","FALSE","1","14","1","1","FALSE","FALSE","1","2","14","1","2","1","14","1","1","1","1","TRUE","1"," TRUE","1","1","1","1","1","11","1","1","10","1","TRUE","1","11","14","3","1","1","10","14","33","6","1","1","1","SDC_BACKTRACKING","1","33","FALSE","  -1","1","1","2","1","14","1"," TRUE","1","1","1","1","3","1","1","2","1","1","1","1","1","Inf","769","323.62","1","3","2264","1","1","0"
"80","33","1","2","3","1","FALSE","1","6","1","1","1","1","1","1","1","1","1","14","14","1","1","11","1","1","3","1","1","1","FALSE","TRUE","1","FALSE","1","2","1","1","1","1","2","1","1","FALSE","1","1","2","FALSE","1","11","1","1","1","1","TRUE","10","1","FALSE","64","FALSE","1","1","1","1","1","1","1","FALSE","1","1","0","FALSE","TRUE","FALSE","1","14","1","1","FALSE","FALSE","1","2","14","1","2","1","14","1","1","1","1","TRUE","1"," TRUE","1","1","1","1","1","11","1","1","10","1","TRUE","1","11","14","3","1","1","10","14","33","6","1","1","1","SDC_BACKTRACKING","1","33","FALSE","  -1","1","1","2","1","14","1"," TRUE","1","1","1","1","3","1","1","2","1","1","1","1","1","1.41505976503","769","323.62","1","3","2264","1","1","0"
"81","33","1","2","3","1","FALSE","1","6","1","1","1","1","1","1","1","1","1","14","14","1","1","11","1","1","3","1","1","1","FALSE","TRUE","1","FALSE","1","2","1","1","1","1","2","1","1","FALSE","1","1","2","FALSE","1","11","1","1","1","1","TRUE","10","1","FALSE","64","FALSE","1","1","1","1","1","1","1","FALSE","1","1","0","FALSE","TRUE","FALSE","1","14","1","1","FALSE","FALSE","1","2","14","1","2","1","14","1","1","1","1","TRUE","1"," TRUE","1","1","1","1","1","11","1","1","10","1","TRUE","1","11","14","3","1","1","10","14","33","6","1","1","1","SDC_BACKTRACKING","1","33","FALSE","  -1","1","1","2","1","14","1"," TRUE","1","1","1","1","3","1","1","2","1","1","1","1","1","1.87679466953","769","323.62","1","3","2264","1","1","0"
"82","33","1","2","3","1","FALSE","1","6","1","1","1","1","1","1","1","1","1","14","14","1","1","11","1","1","3","1","1","1","FALSE","TRUE","1","FALSE","1","2","1","1","1","1","2","1","1","FALSE","1","1","2","FALSE","1","11","1","1","1","1","TRUE","10","1","FALSE","64","FALSE","1","1","1","1","1","1","1","FALSE","1","1","0","FALSE","TRUE","FALSE","1","14","1","1","FALSE","FALSE","1","2","14","1","2","1","14","1","1","1","1","TRUE","1"," TRUE","1","1","1","1","1","11","1","1","10","1","TRUE","1","11","14","3","1","1","10","14","33","6","1","1","1","SDC_BACKTRACKING","1","33","FALSE","  -1","1","1","2","1","14","1"," TRUE","1","1","1","1","3","1","1","2","1","1","1","1","1","1.66276000699","769","323.62","1","3","2264","1","1","0"
"83","33","1","2","3","1","FALSE","1","6","1","1","1","1","1","1","1","1","1","14","14","1","1","11","1","1","3","1","1","1","FALSE","TRUE","1","FALSE","1","2","1","1","1","1","2","1","1","FALSE","1","1","2","FALSE","1","11","1","1","1","1","TRUE","10","1","FALSE","64","FALSE","1","1","1","1","1","1","1","FALSE","1","1","0","FALSE","TRUE","FALSE","1","14","1","1","FALSE","FALSE","1","2","14","1","2","1","14","1","1","1","1","TRUE","1"," TRUE","1","1","1","1","1","11","1","1","10","1","TRUE","1","11","14","3","1","1","10","14","33","6","1","1","1","SDC_BACKTRACKING","1","33","FALSE","  -1","1","1","2","1","14","1"," TRUE","1","1","1","1","3","1","1","2","1","1","1","1","1","1.03760933967","769","323.62","1","3","2264","1","1","0"
"84","33","1","2","3","1","FALSE","1","6","1","1","1","1","1","1","1","1","1","14","14","1","1","11","1","1","3","1","1","1","FALSE","TRUE","1","FALSE","1","2","1","1","1","1","2","1","1","FALSE","1","1","2","FALSE","1","11","1","1","1","1","TRUE","10","1","FALSE","64","FALSE","1","1","1","1","1","1","1","FALSE","1","1","0","FALSE","TRUE","FALSE","1","14","1","1","FALSE","FALSE","1","2","14","1","2","1","14","1","1","1","1","TRUE","1"," TRUE","1","1","1","1","1","11","1","1","10","1","TRUE","1","11","14","3","1","1","10","14","33","6","1","1","1","SDC_BACKTRACKING","1","33","FALSE","  -1","1","1","2","1","14","1"," TRUE","1","1","1","1","3","1","1","2","1","1","1","1","1","1.01726292229","769","323.62","1","3","2264","1","1","0"
"85","33","1","2","3","1","FALSE","1","6","1","1","1","1","1","1","1","1","1","14","14","1","1","11","1","1","3","1","1","1","FALSE","TRUE","1","FALSE","1","2","1","1","1","1","2","1","1","FALSE","1","1","2","FALSE","1","11","1","1","1","1","TRUE","10","1","FALSE","64","FALSE","1","1","1","1","1","1","1","FALSE","1","1","0","FALSE","TRUE","FALSE","1","14","1","1","FALSE","FALSE","1","2","14","1","2","1","14","1","1","1","1","TRUE","1"," TRUE","1","1","1","1","1","11","1","1","10","1","TRUE","1","11","14","3","1","1","10","14","33","6","1","1","1","SDC_BACKTRACKING","1","33","FALSE","  -1","1","1","2","1","14","1"," TRUE","1","1","1","1","3","1","1","2","1","1","1","1","1","1","769","323.62","1","3","2264","1","1","0"
"86","33","1","2","3","1","FALSE","1","6","1","1","1","1","1","1","1","1","1","14","14","1","1","11","1","1","3","1","1","1","FALSE","TRUE","1","FALSE","1","2","1","1","1","1","2","1","1","FALSE","1","1","2","FALSE","1","11","1","1","1","1","TRUE","10","1","FALSE","64","FALSE","1","1","1","1","1","1","1","FALSE","1","1","0","FALSE","TRUE","FALSE","1","14","1","1","FALSE","FALSE","1","2","14","1","2","1","14","1","1","1","1","TRUE","1"," TRUE","1","1","1","1","1","11","1","1","10","1","TRUE","1","11","14","3","1","1","10","14","33","6","1","1","1","SDC_BACKTRACKING","1","33","FALSE","  -1","1","1","2","1","14","1"," TRUE","1","1","1","1","3","1","1","2","1","1","1","1","1","2.37860900738","769","323.62","1","3","2264","1","1","0"
"87","33","1","2","3","1","FALSE","1","6","1","1","1","1","1","1","1","1","1","14","14","1","1","11","1","1","3","1","1","1","FALSE","TRUE","1","FALSE","1","2","1","1","1","1","2","1","1","FALSE","1","1","2","FALSE","1","11","1","1","1","1","TRUE","10","1","FALSE","64","FALSE","1","1","1","1","1","1","1","FALSE","1","1","0","FALSE","TRUE","FALSE","1","14","1","1","FALSE","FALSE","1","2","14","1","2","1","14","1","1","1","1","TRUE","1"," TRUE","1","1","1","1","1","11","1","1","10","1","TRUE","1","11","14","3","1","1","10","14","33","6","1","1","1","SDC_BACKTRACKING","1","33","FALSE","  -1","1","1","2","1","14","1"," TRUE","1","1","1","1","3","1","1","2","1","1","1","1","1","1.81233350785","769","323.62","1","3","2264","1","1","0"
"88","33","1","2","3","1","FALSE","1","6","1","1","1","1","1","1","1","1","1","14","14","1","1","11","1","1","3","1","1","1","FALSE","TRUE","1","FALSE","1","2","1","1","1","1","2","1","1","FALSE","1","1","2","FALSE","1","11","1","1","1","1","TRUE","10","1","FALSE","64","FALSE","1","1","1","1","1","1","1","FALSE","1","1","0","FALSE","TRUE","FALSE","1","14","1","1","FALSE","FALSE","1","2","14","1","2","1","14","1","1","1","1","TRUE","1"," TRUE","1","1","1","1","1","11","1","1","10","1","TRUE","1","11","14","3","1","1","10","14","33","6","1","1","1","SDC_BACKTRACKING","1","33","FALSE","  -1","1","1","2","1","14","1"," TRUE","1","1","1","1","3","1","1","2","1","1","1","1","1","1.28660631843","769","323.62","1","3","2264","1","1","0"
"89","33","1","2","3","1","FALSE","1","6","1","1","1","1","1","1","1","1","1","14","14","1","1","11","1","1","3","1","1","1","FALSE","TRUE","1","FALSE","1","2","1","1","1","1","2","1","1","FALSE","1","1","2","FALSE","1","11","1","1","1","1","TRUE","10","1","FALSE","64","FALSE","1","1","1","1","1","1","1","FALSE","1","1","0","FALSE","TRUE","FALSE","1","14","1","1","FALSE","FALSE","1","2","14","1","2","1","14","1","1","1","1","TRUE","1"," TRUE","1","1","1","1","1","11","1","1","10","1","TRUE","1","11","14","3","1","1","10","14","33","6","1","1","1","SDC_BACKTRACKING","1","33","FALSE","  -1","1","1","2","1","14","1"," TRUE","1","1","1","1","3","1","1","2","1","1","1","1","1","Inf","769","323.62","1","3","2264","1","1","0"
"90","33","1","2","3","1","FALSE","1","6","1","1","1","1","1","1","1","1","1","14","14","1","1","11","1","1","3","1","1","1","FALSE","TRUE","1","FALSE","1","2","1","1","1","1","2","1","1","FALSE","1","1","2","FALSE","1","11","1","1","1","1","TRUE","10","1","FALSE","64","FALSE","1","1","1","1","1","1","1","FALSE","1","1","0","FALSE","TRUE","FALSE","1","14","1","1","FALSE","FALSE","1","2","14","1","2","1","14","1","1","1","1","TRUE","1"," TRUE","1","1","1","1","1","11","1","1","10","1","TRUE","1","11","14","3","1","1","10","14","33","6","1","1","1","SDC_BACKTRACKING","1","33","FALSE","  -1","1","1","2","1","14","1"," TRUE","1","1","1","1","3","1","1","2","1","1","1","1","1","1.14201688401","769","323.62","1","3","2264","1","1","0"
"91"," 3","1","2","3","1"," TRUE","1","6","1","1","1","1","1","1","1","1","1"," 2"," 3","1","1","11","1","1","3","1","0","1"," TRUE","TRUE","1","FALSE","1","2","2","1","1","1","2","1","1","FALSE","1","1","2"," TRUE","1","11","1","1","1","1","TRUE","10","1","FALSE","64","FALSE","0","1","1","1","1","1","1"," TRUE","1","1","0","FALSE","TRUE","FALSE","1","14","1","1"," TRUE","FALSE","1","2","14","2","2","1"," 4","1","1","1","1","TRUE","2","FALSE","1","1","1","1","1","11","1","1","10","0","TRUE","1","11"," 2","3","1","1","10","14","33","7","1","1","1","ITERATIVE","1"," 3","FALSE","6322","1","1","2","1","14","1","FALSE","1","2","1","1","3","1","0","2","1","1","1","1","1","0.956693963488","769","354.74","1","3","2171","1","1","0"
"93","33","1","2","3","1","FALSE","1","6","1","1","1","1","1","1","1","1","1","14","14","1","1","11","1","1","3","1","1","1","FALSE","TRUE","1","FALSE","1","2","1","1","1","1","2","1","1","FALSE","1","1","2","FALSE","1","11","1","1","1","1","TRUE","10","1","FALSE","64","FALSE","1","1","1","1","1","1","1","FALSE","1","1","0","FALSE","TRUE","FALSE","1","14","1","1","FALSE","FALSE","1","2","14","1","2","1","14","1","1","1","1","TRUE","1","TRUE","1","1","1","1","1","11","1","1","10","1","TRUE","1","11","14","3","1","1","10","14","33","6","1","1","1","SDC_BACKTRACKING","1","33","FALSE","-1","1","1","2","1","14","1","TRUE","1","1","1","1","3","1","1","2","1","1","1","1","1","1","769","323.62","1","3","2264","1","1","0"
"94","33","1","2","3","1","FALSE","1","6","1","1","1","1","1","1","1","1","1","14","14","1","1","11","1","1","3","1","1","1","FALSE","TRUE","1","FALSE","1","2","1","1","1","1","2","1","1","FALSE","1","1","2","FALSE","1","11","1","1","1","1","TRUE","10","1","FALSE","64","FALSE","1","1","1","1","1","1","1","FALSE","1","1","0","FALSE","TRUE","FALSE","1","14","1","1","FALSE","FALSE","1","2","14","1","2","1","14","1","1","1","1","TRUE","1","TRUE","1","1","1","1","1","11","1","1","10","1","TRUE","1","11","14","3","1","1","10","14","33","6","1","1","1","SDC_BACKTRACKING","1","33","FALSE","-1","1","1","2","1","14","1","TRUE","1","1","1","1","3","1","1","2","1","1","1","1","1","1.88468255536","769","323.62","1","3","2264","1","1","0"
"95","33","1","2","3","1","FALSE","1","6","1","1","1","1","1","1","1","1","1","14","14","1","1","11","1","1","3","1","1","1","FALSE","TRUE","1","FALSE","1","2","1","1","1","1","2","1","1","FALSE","1","1","2","FALSE","1","11","1","1","1","1","TRUE","10","1","FALSE","64","FALSE","1","1","1","1","1","1","1","FALSE","1","1","0","FALSE","TRUE","FALSE","1","14","1","1","FALSE","FALSE","1","2","14","1","2","1","14","1","1","1","1","TRUE","1","TRUE","1","1","1","1","1","11","1","1","10","1","TRUE","1","11","14","3","1","1","10","14","33","6","1","1","1","SDC_BACKTRACKING","1","33","FALSE","-1","1","1","2","1","14","1","TRUE","1","1","1","1","3","1","1","2","1","1","1","1","1","1.87640037878","769","323.62","1","3","2264","1","1","0"
"96","33","1","2","3","1","FALSE","1","6","1","1","1","1","1","1","1","1","1","14","14","1","1","11","1","1","3","1","1","1","FALSE","TRUE","1","FALSE","1","2","1","1","1","1","2","1","1","FALSE","1","1","2","FALSE","1","11","1","1","1","1","TRUE","10","1","FALSE","64","FALSE","1","1","1","1","1","1","1","FALSE","1","1","0","FALSE","TRUE","FALSE","1","14","1","1","FALSE","FALSE","1","2","14","1","2","1","14","1","1","1","1","TRUE","1","TRUE","1","1","1","1","1","11","1","1","10","1","TRUE","1","11","14","3","1","1","10","14","33","6","1","1","1","SDC_BACKTRACKING","1","33","FALSE","-1","1","1","2","1","14","1","TRUE","1","1","1","1","3","1","1","2","1","1","1","1","1","1.03724305183","769","323.62","1","3","2264","1","1","0"
"97","33","1","2","3","1","FALSE","1","6","1","1","1","1","1","1","1","1","1","14","14","1","1","11","1","1","3","1","1","1","FALSE","TRUE","1","FALSE","1","2","1","1","1","1","2","1","1","FALSE","1","1","2","FALSE","1","11","1","1","1","1","TRUE","10","1","FALSE","64","FALSE","1","1","1","1","1","1","1","FALSE","1","1","0","FALSE","TRUE","FALSE","1","14","1","1","FALSE","FALSE","1","2","14","1","2","1","14","1","1","1","1","TRUE","1","TRUE","1","1","1","1","1","11","1","1","10","1","TRUE","1","11","14","3","1","1","10","14","33","6","1","1","1","SDC_BACKTRACKING","1","33","FALSE","-1","1","1","2","1","14","1","TRUE","1","1","1","1","3","1","1","2","1","1","1","1","1","1","769","323.62","1","3","2264","1","1","0"
"98","33","1","2","3","1","FALSE","1","6","1","1","1","1","1","1","1","1","1","14","14","1","1","11","1","1","3","1","1","1","FALSE","TRUE","1","FALSE","1","2","1","1","1","1","2","1","1","FALSE","1","1","2","FALSE","1","11","1","1","1","1","TRUE","10","1","FALSE","64","FALSE","1","1","1","1","1","1","1","FALSE","1","1","0","FALSE","TRUE","FALSE","1","14","1","1","FALSE","FALSE","1","2","14","1","2","1","14","1","1","1","1","TRUE","1","TRUE","1","1","1","1","1","11","1","1","10","1","TRUE","1","11","14","3","1","1","10","14","33","6","1","1","1","SDC_BACKTRACKING","1","33","FALSE","-1","1","1","2","1","14","1","TRUE","1","1","1","1","3","1","1","2","1","1","1","1","1","1.13595777633","769","323.62","1","3","2264","1","1","0"
"99","33","1","2","3","1","FALSE","1","6","1","1","1","1","1","1","1","1","1","14","14","1","1","11","1","1","3","1","1","1","FALSE","TRUE","1","FALSE","1","2","1","1","1","1","2","1","1","FALSE","1","1","2","FALSE","1","11","1","1","1","1","TRUE","10","1","FALSE","64","FALSE","1","1","1","1","1","1","1","FALSE","1","1","0","FALSE","TRUE","FALSE","1","14","1","1","FALSE","FALSE","1","2","14","1","2","1","14","1","1","1","1","TRUE","1","TRUE","1","1","1","1","1","11","1","1","10","1","TRUE","1","11","14","3","1","1","10","14","33","6","1","1","1","SDC_BACKTRACKING","1","33","FALSE","-1","1","1","2","1","14","1","TRUE","1","1","1","1","3","1","1","2","1","1","1","1","1","1","769","323.62","1","3","2264","1","1","0"
"100","33","1","2","3","1","FALSE","1","6","1","1","1","1","1","1","1","1","1","14","14","1","1","11","1","1","3","1","1","1","FALSE","TRUE","1","FALSE","1","2","1","1","1","1","2","1","1","FALSE","1","1","2","FALSE","1","11","1","1","1","1","TRUE","10","1","FALSE","64","FALSE","1","1","1","1","1","1","1","FALSE","1","1","0","FALSE","TRUE","FALSE","1","14","1","1","FALSE","FALSE","1","2","14","1","2","1","14","1","1","1","1","TRUE","1","TRUE","1","1","1","1","1","11","1","1","10","1","TRUE","1","11","14","3","1","1","10","14","33","6","1","1","1","SDC_BACKTRACKING","1","33","FALSE","-1","1","1","2","1","14","1","TRUE","1","1","1","1","3","1","1","2","1","1","1","1","1","2.12778639612","769","323.62","1","3","2264","1","1","0"
"101","33","1","2","3","1","FALSE","1","6","1","1","1","1","1","1","1","1","1","14","14","1","1","11","1","1","3","1","1","1","FALSE","TRUE","1","FALSE","1","2","1","1","1","1","2","1","1","FALSE","1","1","2","FALSE","1","11","1","1","1","1","TRUE","10","1","FALSE","64","FALSE","1","1","1","1","1","1","1","FALSE","1","1","0","FALSE","TRUE","FALSE","1","14","1","1","FALSE","FALSE","1","2","14","1","2","1","14","1","1","1","1","TRUE","1","TRUE","1","1","1","1","1","11","1","1","10","1","TRUE","1","11","14","3","1","1","10","14","33","6","1","1","1","SDC_BACKTRACKING","1","33","FALSE","-1","1","1","2","1","14","1","TRUE","1","1","1","1","3","1","1","2","1","1","1","1","1","1.6062323645","769","323.62","1","3","2264","1","1","0"
"102","33","1","2","3","1","FALSE","1","6","1","1","1","1","1","1","1","1","1","14","14","1","1","11","1","1","3","1","1","1","FALSE","TRUE","1","FALSE","1","2","1","1","1","1","2","1","1","FALSE","1","1","2","FALSE","1","11","1","1","1","1","TRUE","10","1","FALSE","64","FALSE","1","1","1","1","1","1","1","FALSE","1","1","0","FALSE","TRUE","FALSE","1","14","1","1","FALSE","FALSE","1","2","14","1","2","1","14","1","1","1","1","TRUE","1","TRUE","1","1","1","1","1","11","1","1","10","1","TRUE","1","11","14","3","1","1","10","14","33","6","1","1","1","SDC_BACKTRACKING","1","33","FALSE","-1","1","1","2","1","14","1","TRUE","1","1","1","1","3","1","1","2","1","1","1","1","1","Inf","769","323.62","1","3","2264","1","1","0"
"103","33","1","2","3","1","FALSE","1","6","1","1","1","1","1","1","1","1","1","14","14","1","1","11","1","1","3","1","1","1","FALSE","TRUE","1","FALSE","1","2","1","1","1","1","2","1","1","FALSE","1","1","2","FALSE","1","11","1","1","1","1","TRUE","10","1","FALSE","64","FALSE","1","1","1","1","1","1","1","FALSE","1","1","0","FALSE","TRUE","FALSE","1","14","1","1","FALSE","FALSE","1","2","14","1","2","1","14","1","1","1","1","TRUE","1","TRUE","1","1","1","1","1","11","1","1","10","1","TRUE","1","11","14","3","1","1","10","14","33","6","1","1","1","SDC_BACKTRACKING","1","33","FALSE","-1","1","1","2","1","14","1","TRUE","1","1","1","1","3","1","1","2","1","1","1","1","1","2.10987432291","769","323.62","1","3","2264","1","1","0"
"104","33","1","2","3","1","FALSE","1","6","1","1","1","1","1","1","1","1","1","14","14","1","1","11","1","1","3","1","1","1","FALSE","TRUE","1","FALSE","1","2","1","1","1","1","2","1","1","FALSE","1","1","2","FALSE","1","11","1","1","1","1","TRUE","10","1","FALSE","64","FALSE","1","1","1","1","1","1","1","FALSE","1","1","0","FALSE","TRUE","FALSE","1","14","1","1","FALSE","FALSE","1","2","14","1","2","1","14","1","1","1","1","TRUE","1","TRUE","1","1","1","1","1","11","1","1","10","1","TRUE","1","11","14","3","1","1","10","14","33","6","1","1","1","SDC_BACKTRACKING","1","33","FALSE","-1","1","1","2","1","14","1","TRUE","1","1","1","1","3","1","1","2","1","1","1","1","1","1.18701668185","769","323.62","1","3","2264","1","1","0"
"105","33","1","2","3","1","FALSE","1","6","1","1","1","1","1","1","1","1","1","14","14","1","1","11","1","1","3","1","1","1","FALSE","TRUE","1","FALSE","1","2","1","1","1","1","2","1","1","FALSE","1","1","2","FALSE","1","11","1","1","1","1","TRUE","10","1","FALSE","64","FALSE","1","1","1","1","1","1","1","FALSE","1","1","0","FALSE","TRUE","FALSE","1","14","1","1","FALSE","FALSE","1","2","14","1","2","1","14","1","1","1","1","TRUE","1","TRUE","1","1","1","1","1","11","1","1","10","1","TRUE","1","11","14","3","1","1","10","14","33","6","1","1","1","SDC_BACKTRACKING","1","33","FALSE","-1","1","1","2","1","14","1","TRUE","1","1","1","1","3","1","1","2","1","1","1","1","1","1","769","323.62","1","3","2264","1","1","0"
"106","33","1","2","3","1","FALSE","1","6","1","1","1","1","1","1","1","1","1","14","14","1","1","11","1","1","3","1","1","1","FALSE","TRUE","1","FALSE","1","2","1","1","1","1","2","1","1","FALSE","1","1","2","FALSE","1","11","1","1","1","1","TRUE","10","1","FALSE","64","FALSE","1","1","1","1","1","1","1","FALSE","1","1","0","FALSE","TRUE","FALSE","1","14","1","1","FALSE","FALSE","1","2","14","1","2","1","14","1","1","1","1","TRUE","1","TRUE","1","1","1","1","1","11","1","1","10","1","TRUE","1","11","14","3","1","1","10","14","33","6","1","1","1","SDC_BACKTRACKING","1","33","FALSE","-1","1","1","2","1","14","1","TRUE","1","1","1","1","3","1","1","2","1","1","1","1","1","Inf","769","323.62","1","3","2264","1","1","0"
"107","33","1","2","3","1","FALSE","1","6","1","1","1","1","1","1","1","1","1","14","14","1","1","11","1","1","3","1","1","1","FALSE","TRUE","1","FALSE","1","2","1","1","1","1","2","1","1","FALSE","1","1","2","FALSE","1","11","1","1","1","1","TRUE","10","1","FALSE","64","FALSE","1","1","1","1","1","1","1","FALSE","1","1","0","FALSE","TRUE","FALSE","1","14","1","1","FALSE","FALSE","1","2","14","1","2","1","14","1","1","1","1","TRUE","1","TRUE","1","1","1","1","1","11","1","1","10","1","TRUE","1","11","14","3","1","1","10","14","33","6","1","1","1","SDC_BACKTRACKING","1","33","FALSE","-1","1","1","2","1","14","1","TRUE","1","1","1","1","3","1","1","2","1","1","1","1","1","1.87532267024","769","323.62","1","3","2264","1","1","0"
"108","33","1","2","3","1","FALSE","1","6","1","1","1","1","1","1","1","1","1","14","14","1","1","11","1","1","3","1","1","1","FALSE","TRUE","1","FALSE","1","2","1","1","1","1","2","1","1","FALSE","1","1","2","FALSE","1","11","1","1","1","1","TRUE","10","1","FALSE","64","FALSE","1","1","1","1","1","1","1","FALSE","1","1","0","FALSE","TRUE","FALSE","1","14","1","1","FALSE","FALSE","1","2","14","1","2","1","14","1","1","1","1","TRUE","1","TRUE","1","1","1","1","1","11","1","1","10","1","TRUE","1","11","14","3","1","1","10","14","33","6","1","1","1","SDC_BACKTRACKING","1","33","FALSE","-1","1","1","2","1","14","1","TRUE","1","1","1","1","3","1","1","2","1","1","1","1","1","1","769","323.62","1","3","2264","1","1","0"
"109","33","1","2","3","1","FALSE","1","6","1","1","1","1","1","1","1","1","1","14","14","1","1","11","1","1","3","1","1","1","FALSE","TRUE","1","FALSE","1","2","1","1","1","1","2","1","1","FALSE","1","1","2","FALSE","1","11","1","1","1","1","TRUE","10","1","FALSE","64","FALSE","1","1","1","1","1","1","1","FALSE","1","1","0","FALSE","TRUE","FALSE","1","14","1","1","FALSE","FALSE","1","2","14","1","2","1","14","1","1","1","1","TRUE","1","TRUE","1","1","1","1","1","11","1","1","10","1","TRUE","1","11","14","3","1","1","10","14","33","6","1","1","1","SDC_BACKTRACKING","1","33","FALSE","-1","1","1","2","1","14","1","TRUE","1","1","1","1","3","1","1","2","1","1","1","1","1","1","769","323.62","1","3","2264","1","1","0"
